0.37864555104705,-0.12798272358395,-0.62665706865775
0.37864555104705,-0.0653170167181751,-0.62665706865775
0.37864555104705,-0.00265130985240014,-0.62665706865775
0.37864555104705,0.0600143970133749,-0.62665706865775
0.37864555104705,0.12268010387915,-0.62665706865775
0.315979844181275,0.2533141373155,-0.62665706865775
0.315979844181275,0.190648430449725,-0.62665706865775
0.315979844181275,0.12798272358395,-0.62665706865775
0.315979844181275,0.0653170167181751,-0.62665706865775
0.315979844181275,0.00265130985240014,-0.62665706865775
0.315979844181275,-0.0600143970133749,-0.62665706865775
0.315979844181275,-0.12268010387915,-0.62665706865775
0.315979844181275,-0.185345810744925,-0.62665706865775
0.315979844181275,-0.2480115176107,-0.62665706865775
0.2533141373155,-0.315979844181275,-0.62665706865775
0.2533141373155,-0.2533141373155,-0.62665706865775
0.2533141373155,-0.190648430449725,-0.62665706865775
0.2533141373155,-0.12798272358395,-0.62665706865775
0.2533141373155,-0.0653170167181751,-0.62665706865775
0.2533141373155,-0.00265130985240014,-0.62665706865775
0.2533141373155,0.0600143970133749,-0.62665706865775
0.2533141373155,0.12268010387915,-0.62665706865775
0.2533141373155,0.185345810744925,-0.62665706865775
0.2533141373155,0.2480115176107,-0.62665706865775
0.2533141373155,0.310677224476475,-0.62665706865775
0.190648430449725,0.315979844181275,-0.62665706865775
0.190648430449725,0.2533141373155,-0.62665706865775
0.190648430449725,0.190648430449725,-0.62665706865775
0.190648430449725,0.12798272358395,-0.62665706865775
0.190648430449725,0.0653170167181751,-0.62665706865775
0.190648430449725,0.00265130985240014,-0.62665706865775
0.190648430449725,-0.0600143970133749,-0.62665706865775
0.190648430449725,-0.12268010387915,-0.62665706865775
0.190648430449725,-0.185345810744925,-0.62665706865775
0.190648430449725,-0.2480115176107,-0.62665706865775
0.190648430449725,-0.310677224476475,-0.62665706865775
0.12798272358395,-0.37864555104705,-0.62665706865775
0.12798272358395,-0.315979844181275,-0.62665706865775
0.12798272358395,-0.2533141373155,-0.62665706865775
0.12798272358395,-0.190648430449725,-0.62665706865775
0.12798272358395,-0.12798272358395,-0.62665706865775
0.12798272358395,-0.0653170167181751,-0.62665706865775
0.12798272358395,-0.00265130985240014,-0.62665706865775
0.12798272358395,0.0600143970133749,-0.62665706865775
0.12798272358395,0.12268010387915,-0.62665706865775
0.12798272358395,0.185345810744925,-0.62665706865775
0.12798272358395,0.2480115176107,-0.62665706865775
0.12798272358395,0.310677224476475,-0.62665706865775
0.12798272358395,0.37334293134225,-0.62665706865775
0.0653170167181751,0.37864555104705,-0.62665706865775
0.0653170167181751,0.315979844181275,-0.62665706865775
0.0653170167181751,0.2533141373155,-0.62665706865775
0.0653170167181751,0.190648430449725,-0.62665706865775
0.0653170167181751,0.12798272358395,-0.62665706865775
0.0653170167181751,0.0653170167181751,-0.62665706865775
0.0653170167181751,0.00265130985240014,-0.62665706865775
0.0653170167181751,-0.0600143970133749,-0.62665706865775
0.0653170167181751,-0.12268010387915,-0.62665706865775
0.0653170167181751,-0.185345810744925,-0.62665706865775
0.0653170167181751,-0.2480115176107,-0.62665706865775
0.0653170167181751,-0.310677224476475,-0.62665706865775
0.0653170167181751,-0.37334293134225,-0.62665706865775
0.00265130985240014,-0.37864555104705,-0.62665706865775
0.00265130985240014,-0.315979844181275,-0.62665706865775
0.00265130985240014,-0.2533141373155,-0.62665706865775
0.00265130985240014,-0.190648430449725,-0.62665706865775
0.00265130985240014,-0.12798272358395,-0.62665706865775
0.00265130985240014,-0.0653170167181751,-0.62665706865775
0.00265130985240014,-0.00265130985240014,-0.62665706865775
0.00265130985240014,0.0600143970133749,-0.62665706865775
0.00265130985240014,0.12268010387915,-0.62665706865775
0.00265130985240014,0.185345810744925,-0.62665706865775
0.00265130985240014,0.2480115176107,-0.62665706865775
0.00265130985240014,0.310677224476475,-0.62665706865775
0.00265130985240014,0.37334293134225,-0.62665706865775
-0.0600143970133749,0.37864555104705,-0.62665706865775
-0.0600143970133749,0.315979844181275,-0.62665706865775
-0.0600143970133749,0.2533141373155,-0.62665706865775
-0.0600143970133749,0.190648430449725,-0.62665706865775
-0.0600143970133749,0.12798272358395,-0.62665706865775
-0.0600143970133749,0.0653170167181751,-0.62665706865775
-0.0600143970133749,0.00265130985240014,-0.62665706865775
-0.0600143970133749,-0.0600143970133749,-0.62665706865775
-0.0600143970133749,-0.12268010387915,-0.62665706865775
-0.0600143970133749,-0.185345810744925,-0.62665706865775
-0.0600143970133749,-0.2480115176107,-0.62665706865775
-0.0600143970133749,-0.310677224476475,-0.62665706865775
-0.0600143970133749,-0.37334293134225,-0.62665706865775
-0.12268010387915,-0.37864555104705,-0.62665706865775
-0.12268010387915,-0.315979844181275,-0.62665706865775
-0.12268010387915,-0.2533141373155,-0.62665706865775
-0.12268010387915,-0.190648430449725,-0.62665706865775
-0.12268010387915,-0.12798272358395,-0.62665706865775
-0.12268010387915,-0.0653170167181751,-0.62665706865775
-0.12268010387915,-0.00265130985240014,-0.62665706865775
-0.12268010387915,0.0600143970133749,-0.62665706865775
-0.12268010387915,0.12268010387915,-0.62665706865775
-0.12268010387915,0.185345810744925,-0.62665706865775
-0.12268010387915,0.2480115176107,-0.62665706865775
-0.12268010387915,0.310677224476475,-0.62665706865775
-0.12268010387915,0.37334293134225,-0.62665706865775
-0.185345810744925,0.315979844181275,-0.62665706865775
-0.185345810744925,0.2533141373155,-0.62665706865775
-0.185345810744925,0.190648430449725,-0.62665706865775
-0.185345810744925,0.12798272358395,-0.62665706865775
-0.185345810744925,0.0653170167181751,-0.62665706865775
-0.185345810744925,0.00265130985240014,-0.62665706865775
-0.185345810744925,-0.0600143970133749,-0.62665706865775
-0.185345810744925,-0.12268010387915,-0.62665706865775
-0.185345810744925,-0.185345810744925,-0.62665706865775
-0.185345810744925,-0.2480115176107,-0.62665706865775
-0.185345810744925,-0.310677224476475,-0.62665706865775
-0.2480115176107,-0.315979844181275,-0.62665706865775
-0.2480115176107,-0.2533141373155,-0.62665706865775
-0.2480115176107,-0.190648430449725,-0.62665706865775
-0.2480115176107,-0.12798272358395,-0.62665706865775
-0.2480115176107,-0.0653170167181751,-0.62665706865775
-0.2480115176107,-0.00265130985240014,-0.62665706865775
-0.2480115176107,0.0600143970133749,-0.62665706865775
-0.2480115176107,0.12268010387915,-0.62665706865775
-0.2480115176107,0.185345810744925,-0.62665706865775
-0.2480115176107,0.2480115176107,-0.62665706865775
-0.2480115176107,0.310677224476475,-0.62665706865775
-0.310677224476475,0.2533141373155,-0.62665706865775
-0.310677224476475,0.190648430449725,-0.62665706865775
-0.310677224476475,0.12798272358395,-0.62665706865775
-0.310677224476475,0.0653170167181751,-0.62665706865775
-0.310677224476475,0.00265130985240014,-0.62665706865775
-0.310677224476475,-0.0600143970133749,-0.62665706865775
-0.310677224476475,-0.12268010387915,-0.62665706865775
-0.310677224476475,-0.185345810744925,-0.62665706865775
-0.310677224476475,-0.2480115176107,-0.62665706865775
-0.37334293134225,-0.12798272358395,-0.62665706865775
-0.37334293134225,-0.0653170167181751,-0.62665706865775
-0.37334293134225,-0.00265130985240014,-0.62665706865775
-0.37334293134225,0.0600143970133749,-0.62665706865775
-0.37334293134225,0.12268010387915,-0.62665706865775
-0.667252141362045,0.133450428272409,-0.689322775523525
-0.62400575880535,7.64186655170487e-17,-0.62665706865775
-0.412447719721072,-0.0602070796568469,-0.563991361791975
-0.376766977351108,-0.111722858219492,-0.563991361791975
-0.341086234981144,-0.163238636782138,-0.563991361791975
-0.30540549261118,-0.214754415344783,-0.563991361791975
-0.269724750241217,-0.266270193907429,-0.563991361791975
-0.234044007871253,-0.317785972470074,-0.563991361791975
-0.198363265501289,-0.369301751032719,-0.563991361791975
-0.114185962208371,-0.380777647335708,-0.563991361791975
-0.149866704578335,-0.329261868773063,-0.563991361791975
-0.185547446948299,-0.277746090210417,-0.563991361791975
-0.221228189318263,-0.226230311647772,-0.563991361791975
-0.256908931688226,-0.174714533085126,-0.563991361791975
-0.29258967405819,-0.123198754522481,-0.563991361791975
-0.328270416428154,-0.0716829759598356,-0.563991361791975
-0.363951158798117,-0.0201671973971901,-0.563991361791975
-0.399631901168081,0.0313485811654554,-0.563991361791975
-0.380777647335708,0.114185962208371,-0.563991361791975
-0.345096904965744,0.062670183645726,-0.563991361791975
-0.309416162595781,0.0111544050830806,-0.563991361791975
-0.273735420225817,-0.0403613734795648,-0.563991361791975
-0.238054677855853,-0.0918771520422103,-0.563991361791975
-0.202373935485889,-0.143392930604856,-0.563991361791975
-0.166693193115926,-0.194908709167501,-0.563991361791975
-0.131012450745962,-0.246424487730146,-0.563991361791975
-0.0953317083759984,-0.297940266292792,-0.563991361791975
-0.0596509660060346,-0.349456044855437,-0.563991361791975
-0.0239702236360709,-0.400971823418083,-0.563991361791975
0.0602070796568469,-0.412447719721072,-0.563991361791975
0.0245263372868832,-0.360931941158426,-0.563991361791975
-0.0111544050830806,-0.309416162595781,-0.563991361791975
-0.0468351474530443,-0.257900384033135,-0.563991361791975
-0.082515889823008,-0.20638460547049,-0.563991361791975
-0.118196632192972,-0.154868826907844,-0.563991361791975
-0.153877374562935,-0.103353048345199,-0.563991361791975
-0.189558116932899,-0.0518372697825535,-0.563991361791975
-0.225238859302863,-0.000321491219908099,-0.563991361791975
-0.260919601672826,0.0511942873427373,-0.563991361791975
-0.29660034404279,0.102710065905383,-0.563991361791975
-0.332281086412754,0.154225844468028,-0.563991361791975
-0.367961828782718,0.205741623030674,-0.563991361791975
-0.313426832580381,0.237063225510944,-0.563991361791975
-0.277746090210417,0.185547446948299,-0.563991361791975
-0.242065347840453,0.134031668385653,-0.563991361791975
-0.20638460547049,0.082515889823008,-0.563991361791975
-0.170703863100526,0.0310001112603625,-0.563991361791975
-0.135023120730562,-0.0205156673022829,-0.563991361791975
-0.0993423783605987,-0.0720314458649283,-0.563991361791975
-0.063661635990635,-0.123547224427574,-0.563991361791975
-0.0279808936206713,-0.175063002990219,-0.563991361791975
0.00769984874929244,-0.226578781552865,-0.563991361791975
0.0433805911192562,-0.27809456011551,-0.563991361791975
0.0790613334892199,-0.329610338678155,-0.563991361791975
0.114742075859184,-0.381126117240801,-0.563991361791975
0.133450428272409,-0.667252141362045,-0.62665706865775
0.321882181768408,-0.643764363536816,-0.563991361791975
0.326498634830201,-0.544164391383669,-0.62665706865775
0.163238636782138,-0.341086234981144,-0.563991361791975
0.127557894412174,-0.289570456418499,-0.563991361791975
0.0918771520422103,-0.238054677855853,-0.563991361791975
0.0561964096722466,-0.186538899293208,-0.563991361791975
0.0205156673022829,-0.135023120730562,-0.563991361791975
-0.0151650750676808,-0.0835073421679169,-0.563991361791975
-0.0508458174376445,-0.0319915636052715,-0.563991361791975
-0.0865265598076082,0.0195242149573739,-0.563991361791975
-0.122207302177572,0.0710399935200193,-0.563991361791975
-0.157888044547536,0.122555772082665,-0.563991361791975
-0.193568786917499,0.17407155064531,-0.563991361791975
-0.229249529287463,0.225587329207956,-0.563991361791975
-0.264930271657427,0.277103107770601,-0.563991361791975
-0.21039527545509,0.308424710250872,-0.563991361791975
-0.174714533085126,0.256908931688226,-0.563991361791975
-0.139033790715163,0.205393153125581,-0.563991361791975
-0.103353048345199,0.153877374562935,-0.563991361791975
-0.0676723059752352,0.10236159600029,-0.563991361791975
-0.0319915636052715,0.0508458174376445,-0.563991361791975
0.00368917876469217,-0.000669961125000878,-0.563991361791975
0.0393699211346559,-0.0521857396876463,-0.563991361791975
0.0750506635046196,-0.103701518250292,-0.563991361791975
0.110731405874583,-0.155217296812937,-0.563991361791975
0.146412148244547,-0.206733075375583,-0.563991361791975
0.182092890614511,-0.258248853938228,-0.563991361791975
0.217773632984474,-0.309764632500873,-0.563991361791975
0.266270193907429,-0.269724750241217,-0.563991361791975
0.230589451537465,-0.218208971678571,-0.563991361791975
0.194908709167501,-0.166693193115926,-0.563991361791975
0.159227966797537,-0.11517741455328,-0.563991361791975
0.123547224427574,-0.063661635990635,-0.563991361791975
0.08786648205761,-0.0121458574279895,-0.563991361791975
0.0521857396876463,0.0393699211346559,-0.563991361791975
0.0165049973176826,0.0908856996973013,-0.563991361791975
-0.0191757450522811,0.142401478259947,-0.563991361791975
-0.0548564874222448,0.193917256822592,-0.563991361791975
-0.0905372297922086,0.245433035385238,-0.563991361791975
-0.126217972162172,0.296948813947883,-0.563991361791975
-0.161898714532136,0.348464592510528,-0.563991361791975
-0.107363718329799,0.379786194990799,-0.563991361791975
-0.0716829759598356,0.328270416428154,-0.563991361791975
-0.0360022335898718,0.276754637865508,-0.563991361791975
-0.000321491219908099,0.225238859302863,-0.563991361791975
0.0353592511500556,0.173723080740217,-0.563991361791975
0.0710399935200193,0.122207302177572,-0.563991361791975
0.106720735889983,0.0706915236149265,-0.563991361791975
0.142401478259947,0.0191757450522811,-0.563991361791975
0.17808222062991,-0.0323400335103643,-0.563991361791975
0.213762962999874,-0.0838558120730097,-0.563991361791975
0.249443705369838,-0.135371590635655,-0.563991361791975
0.285124447739802,-0.186887369198301,-0.563991361791975
0.320805190109765,-0.238403147760946,-0.563991361791975
0.369301751032719,-0.198363265501289,-0.563991361791975
0.333621008662756,-0.146847486938644,-0.563991361791975
0.297940266292792,-0.0953317083759984,-0.563991361791975
0.262259523922828,-0.043815929813353,-0.563991361791975
0.226578781552865,0.00769984874929244,-0.563991361791975
0.190898039182901,0.0592156273119379,-0.563991361791975
0.155217296812937,0.110731405874583,-0.563991361791975
0.119536554442973,0.162247184437229,-0.563991361791975
0.0838558120730097,0.213762962999874,-0.563991361791975
0.048175069703046,0.26527874156252,-0.563991361791975
0.0124943273330823,0.316794520125165,-0.563991361791975
-0.0231864150368814,0.36831029868781,-0.563991361791975
-0.0588671574068451,0.419826077250456,-0.563991361791975
0.0313485811654554,0.399631901168081,-0.563991361791975
0.0670293235354191,0.348116122605436,-0.563991361791975
0.102710065905383,0.29660034404279,-0.563991361791975
0.138390808275346,0.245084565480145,-0.563991361791975
0.17407155064531,0.193568786917499,-0.563991361791975
0.209752293015274,0.142053008354854,-0.563991361791975
0.245433035385238,0.0905372297922086,-0.563991361791975
0.281113777755201,0.0390214512295632,-0.563991361791975
0.316794520125165,-0.0124943273330823,-0.563991361791975
0.352475262495129,-0.0640101058957278,-0.563991361791975
0.388156004865092,-0.115525884458373,-0.563991361791975
0.400971823418083,-0.0239702236360709,-0.563991361791975
0.365291081048119,0.0275455549265745,-0.563991361791975
0.329610338678155,0.0790613334892199,-0.563991361791975
0.293929596308192,0.130577112051865,-0.563991361791975
0.258248853938228,0.182092890614511,-0.563991361791975
0.222568111568264,0.233608669177156,-0.563991361791975
0.186887369198301,0.285124447739802,-0.563991361791975
0.151206626828337,0.336640226302447,-0.563991361791975
0.115525884458373,0.388156004865092,-0.563991361791975
0.205741623030674,0.367961828782718,-0.563991361791975
0.241422365400637,0.316446050220072,-0.563991361791975
0.277103107770601,0.264930271657427,-0.563991361791975
0.312783850140565,0.213414493094781,-0.563991361791975
0.348464592510528,0.161898714532136,-0.563991361791975
0.384145334880492,0.110382935969491,-0.563991361791975
0.419826077250456,0.0588671574068451,-0.563991361791975
0.572689056855864,0.190896352285288,-0.62665706865775
0.544164391383669,0.326498634830201,-0.563991361791975
0.456443953723448,0.456443953723447,-0.5013256549262
0.216314778916067,0.390166445835691,-0.5013256549262
0.157650437131207,0.412200188593932,-0.5013256549262
0.0989860953463465,0.434233931352172,-0.5013256549262
-0.0453403649050467,0.421501516807407,-0.5013256549262
0.0133239768798137,0.399467774049167,-0.5013256549262
0.0719883186646741,0.377434031290926,-0.5013256549262
0.130652660449535,0.355400288532686,-0.5013256549262
0.189317002234395,0.333366545774445,-0.5013256549262
0.247981344019255,0.311332803016205,-0.5013256549262
0.306645685804116,0.289299060257964,-0.5013256549262
0.406904660539028,0.184702791233008,-0.5013256549262
0.348240318754168,0.206736533991249,-0.5013256549262
0.289575976969307,0.228770276749489,-0.5013256549262
0.230911635184447,0.25080401950773,-0.5013256549262
0.172247293399586,0.27283776226597,-0.5013256549262
0.113582951614726,0.294871505024211,-0.5013256549262
0.0549186098298654,0.316905247782451,-0.5013256549262
-0.00374573195499503,0.338938990540692,-0.5013256549262
-0.0624100737398555,0.360972733298933,-0.5013256549262
-0.121074415524716,0.383006476057173,-0.5013256549262
-0.179738757309576,0.405040218815414,-0.5013256549262
-0.206736533991249,0.348240318754168,-0.5013256549262
-0.148072192206388,0.326206575995927,-0.5013256549262
-0.0894078504215278,0.304172833237687,-0.5013256549262
-0.0307435086366673,0.282139090479446,-0.5013256549262
0.0279208331481931,0.260105347721206,-0.5013256549262
0.0865851749330535,0.238071604962965,-0.5013256549262
0.145249516717914,0.216037862204724,-0.5013256549262
0.203913858502774,0.194004119446484,-0.5013256549262
0.262578200287635,0.171970376688243,-0.5013256549262
0.321242542072495,0.149936633930003,-0.5013256549262
0.379906883857356,0.127902891171762,-0.5013256549262
0.421501516807407,0.0453403649050467,-0.5013256549262
0.362837175022547,0.0673741076632873,-0.5013256549262
0.304172833237687,0.0894078504215278,-0.5013256549262
0.245508491452826,0.111441593179768,-0.5013256549262
0.186844149667966,0.133475335938009,-0.5013256549262
0.128179807883105,0.155509078696249,-0.5013256549262
0.0695154660982447,0.17754282145449,-0.5013256549262
0.0108511243133843,0.19957656421273,-0.5013256549262
-0.0478132174714761,0.221610306970971,-0.5013256549262
-0.106477559256337,0.243644049729212,-0.5013256549262
-0.165141901041197,0.265677792487452,-0.5013256549262
-0.223806242826058,0.287711535245693,-0.5013256549262
-0.282470584610918,0.309745278003933,-0.5013256549262
-0.30946836129259,0.252945377942687,-0.5013256549262
-0.25080401950773,0.230911635184447,-0.5013256549262
-0.192139677722869,0.208877892426206,-0.5013256549262
-0.133475335938009,0.186844149667966,-0.5013256549262
-0.0748109941531484,0.164810406909725,-0.5013256549262
-0.016146652368288,0.142776664151485,-0.5013256549262
0.0425176894165724,0.120742921393244,-0.5013256549262
0.101182031201433,0.0987091786350035,-0.5013256549262
0.159846372986293,0.076675435876763,-0.5013256549262
0.218510714771154,0.0546416931185224,-0.5013256549262
0.277175056556014,0.0326079503602819,-0.5013256549262
0.335839398340875,0.0105742076020413,-0.5013256549262
0.394503740125735,-0.0114595351561992,-0.5013256549262
0.436098373075787,-0.0940220614229147,-0.5013256549262
0.377434031290926,-0.0719883186646741,-0.5013256549262
0.318769689506066,-0.0499545759064336,-0.5013256549262
0.260105347721206,-0.0279208331481931,-0.5013256549262
0.201441005936345,-0.00588709038995252,-0.5013256549262
0.142776664151485,0.016146652368288,-0.5013256549262
0.0841123223666241,0.0381803951265286,-0.5013256549262
0.0254479805817637,0.0602141378847691,-0.5013256549262
-0.0332163612030968,0.0822478806430096,-0.5013256549262
-0.0918807029879572,0.10428162340125,-0.5013256549262
-0.150545044772818,0.126315366159491,-0.5013256549262
-0.209209386557678,0.148349108917731,-0.5013256549262
-0.267873728342539,0.170382851675972,-0.5013256549262
-0.326538070127399,0.192416594434212,-0.5013256549262
-0.38520241191226,0.214450337192453,-0.5013256549262
-0.412200188593932,0.157650437131207,-0.5013256549262
-0.353535846809071,0.135616694372966,-0.5013256549262
-0.294871505024211,0.113582951614726,-0.5013256549262
-0.23620716323935,0.0915492088564853,-0.5013256549262
-0.17754282145449,0.0695154660982447,-0.5013256549262
-0.11887847966963,0.0474817233400042,-0.5013256549262
-0.0602141378847691,0.0254479805817637,-0.5013256549262
-0.00154979609990864,0.00341423782352315,-0.5013256549262
0.0571145456849518,-0.0186195049347174,-0.5013256549262
0.115778887469812,-0.0406532476929579,-0.5013256549262
0.174443229254673,-0.0626869904511985,-0.5013256549262
0.233107571039533,-0.084720733209439,-0.5013256549262
0.291771912824394,-0.10675447596768,-0.5013256549262
0.350436254609254,-0.12878821872592,-0.5013256549262
0.409100596394115,-0.150821961484161,-0.5013256549262
0.392030887559306,-0.211350744992636,-0.5013256549262
0.333366545774445,-0.189317002234395,-0.5013256549262
0.274702203989585,-0.167283259476154,-0.5013256549262
0.216037862204724,-0.145249516717914,-0.5013256549262
0.157373520419864,-0.123215773959673,-0.5013256549262
0.0987091786350035,-0.101182031201433,-0.5013256549262
0.0400448368501431,-0.0791482884431923,-0.5013256549262
-0.0186195049347174,-0.0571145456849518,-0.5013256549262
-0.0772838467195778,-0.0350808029267113,-0.5013256549262
-0.135948188504438,-0.0130470601684707,-0.5013256549262
-0.194612530289299,0.00898668258976981,-0.5013256549262
-0.253276872074159,0.0310204253480103,-0.5013256549262
-0.31194121385902,0.0530541681062509,-0.5013256549262
-0.37060555564388,0.0750879108644915,-0.5013256549262
-0.429269897428741,0.097121653622732,-0.5013256549262
-0.397603332325552,0.0182880108032455,-0.5013256549262
-0.338938990540692,-0.00374573195499503,-0.5013256549262
-0.280274648755832,-0.0257794747132356,-0.5013256549262
-0.221610306970971,-0.0478132174714761,-0.5013256549262
-0.162945965186111,-0.0698469602297167,-0.5013256549262
-0.10428162340125,-0.0918807029879572,-0.5013256549262
-0.0456172816163897,-0.113914445746198,-0.5013256549262
0.0130470601684707,-0.135948188504438,-0.5013256549262
0.0717114019533312,-0.157981931262679,-0.5013256549262
0.130375743738192,-0.180015674020919,-0.5013256549262
0.189040085523052,-0.20204941677916,-0.5013256549262
0.247704427307913,-0.2240831595374,-0.5013256549262
0.306368769092773,-0.246116902295641,-0.5013256549262
0.289299060257964,-0.306645685804116,-0.5013256549262
0.230634718473104,-0.284611943045875,-0.5013256549262
0.171970376688243,-0.262578200287635,-0.5013256549262
0.113306034903383,-0.240544457529394,-0.5013256549262
0.0546416931185224,-0.218510714771154,-0.5013256549262
-0.00402264866633801,-0.196476972012913,-0.5013256549262
-0.0626869904511985,-0.174443229254673,-0.5013256549262
-0.121351332236059,-0.152409486496432,-0.5013256549262
-0.180015674020919,-0.130375743738192,-0.5013256549262
-0.23868001580578,-0.108342000979951,-0.5013256549262
-0.29734435759064,-0.0863082582217105,-0.5013256549262
-0.356008699375501,-0.06427451546347,-0.5013256549262
-0.414673041160361,-0.0422407727052294,-0.5013256549262
-0.383006476057173,-0.121074415524716,-0.5013256549262
-0.324342134272313,-0.143108158282956,-0.5013256549262
-0.265677792487452,-0.165141901041197,-0.5013256549262
-0.207013450702592,-0.187175643799438,-0.5013256549262
-0.148349108917731,-0.209209386557678,-0.5013256549262
-0.0896847671328708,-0.231243129315919,-0.5013256549262
-0.0310204253480103,-0.253276872074159,-0.5013256549262
0.0276439164368501,-0.2753106148324,-0.5013256549262
0.0863082582217105,-0.29734435759064,-0.5013256549262
0.144972600006571,-0.319378100348881,-0.5013256549262
0.203636941791432,-0.341411843107121,-0.5013256549262
0.186567232956623,-0.401940626615596,-0.5013256549262
0.127902891171762,-0.379906883857356,-0.5013256549262
0.0692385493869018,-0.357873141099115,-0.5013256549262
0.0105742076020413,-0.335839398340875,-0.5013256549262
-0.0480901341828191,-0.313805655582634,-0.5013256549262
-0.10675447596768,-0.291771912824394,-0.5013256549262
-0.16541881775254,-0.269738170066153,-0.5013256549262
-0.2240831595374,-0.247704427307913,-0.5013256549262
-0.282747501322261,-0.225670684549672,-0.5013256549262
-0.341411843107121,-0.203636941791432,-0.5013256549262
-0.400076184891982,-0.181603199033191,-0.5013256549262
-0.309745278003933,-0.282470584610918,-0.5013256549262
-0.251080936219073,-0.304504327369159,-0.5013256549262
-0.192416594434212,-0.326538070127399,-0.5013256549262
-0.133752252649352,-0.34857181288564,-0.5013256549262
-0.0750879108644915,-0.37060555564388,-0.5013256549262
-0.016423569079631,-0.392639298402121,-0.5013256549262
0.0422407727052294,-0.414673041160361,-0.5013256549262
-0.0921576196993002,-0.431134339152355,-0.5013256549262
-0.150821961484161,-0.409100596394115,-0.5013256549262
-0.209486303269021,-0.387066853635874,-0.5013256549262
-0.2506628274631,-0.438659948060425,-0.563991361791975
-0.187997120597325,-0.5013256549262,-0.5013256549262
-0.2506628274631,-0.438659948060425,-0.438659948060425
-0.259216474902633,-0.518432949805266,-0.5013256549262
-0.246059262622554,-0.615148156556384,-0.438659948060425
-0.259216474902633,-0.518432949805266,-0.5013256549262
-0.12533141373155,-0.438659948060425,-0.438659948060425
-0.101733280439582,-0.610399682637494,-0.37599424119465
-0.246059262622554,-0.615148156556384,-0.438659948060425
-0.179869918170558,-0.719479672682232,-0.5013256549262
-0.246059262622554,-0.615148156556384,-0.563991361791975
-0.259216474902633,-0.518432949805266,-0.5013256549262
-0.374032220091324,-0.467540275114155,-0.563991361791975
-0.259216474902633,-0.518432949805266,-0.62665706865775
-0.246059262622554,-0.615148156556384,-0.689322775523525
-0.179869918170558,-0.719479672682232,-0.62665706865775
-1.10425193683239e-16,-0.686671465671125,-0.689322775523525
-0.101733280439582,-0.610399682637494,-0.62665706865775
-1.10425193683239e-16,-0.686671465671125,-0.563991361791975
-0.101733280439582,-0.610399682637494,-0.5013256549262
-0.0125959939777868,-0.452764046072043,-0.438659948060425
0.0481759932890635,-0.437474952553295,-0.438659948060425
0.108947980555914,-0.422185859034547,-0.438659948060425
0.169719967822764,-0.406896765515798,-0.438659948060425
0.230491955089614,-0.39160767199705,-0.438659948060425
0.331604458346484,-0.301551223601432,-0.438659948060425
0.270832471079634,-0.316840317120181,-0.438659948060425
0.210060483812784,-0.332129410638929,-0.438659948060425
0.149288496545934,-0.347418504157677,-0.438659948060425
0.0885165092790833,-0.362707597676425,-0.438659948060425
0.027744522012233,-0.377996691195173,-0.438659948060425
-0.0330274652546173,-0.393285784713921,-0.438659948060425
-0.0937994525214676,-0.408574878232669,-0.438659948060425
-0.154571439788318,-0.423863971751417,-0.438659948060425
-0.225490142815834,-0.377087352094587,-0.438659948060425
-0.164718155548984,-0.361798258575839,-0.438659948060425
-0.103946168282133,-0.34650916505709,-0.438659948060425
-0.043174181015283,-0.331220071538342,-0.438659948060425
0.0175978062515673,-0.315930978019594,-0.438659948060425
0.0783697935184175,-0.300641884500846,-0.438659948060425
0.139141780785268,-0.285352790982098,-0.438659948060425
0.199913768052118,-0.27006369746335,-0.438659948060425
0.260685755318968,-0.254774603944602,-0.438659948060425
0.321457742585819,-0.239485510425853,-0.438659948060425
0.382229729852669,-0.224196416907105,-0.438659948060425
0.422570245842689,-0.149429062030235,-0.438659948060425
0.361798258575839,-0.164718155548984,-0.438659948060425
0.301026271308988,-0.180007249067732,-0.438659948060425
0.240254284042138,-0.19529634258648,-0.438659948060425
0.179482296775288,-0.210585436105228,-0.438659948060425
0.118710309508437,-0.225874529623976,-0.438659948060425
0.057938322241587,-0.241163623142724,-0.438659948060425
-0.00283366502526328,-0.256452716661472,-0.438659948060425
-0.0636056522921136,-0.271741810180221,-0.438659948060425
-0.124377639558964,-0.287030903698969,-0.438659948060425
-0.185149626825814,-0.302319997217717,-0.438659948060425
-0.245921614092665,-0.317609090736465,-0.438659948060425
-0.306693601359515,-0.332898184255213,-0.438659948060425
-0.316840317120181,-0.270832471079634,-0.438659948060425
-0.25606832985333,-0.255543377560886,-0.438659948060425
-0.19529634258648,-0.240254284042138,-0.438659948060425
-0.13452435531963,-0.22496519052339,-0.438659948060425
-0.0737523680527793,-0.209676097004642,-0.438659948060425
-0.012980380785929,-0.194387003485893,-0.438659948060425
0.0477916064809213,-0.179097909967145,-0.438659948060425
0.108563593747772,-0.163808816448397,-0.438659948060425
0.169335581014622,-0.148519722929649,-0.438659948060425
0.230107568281472,-0.133230629410901,-0.438659948060425
0.290879555548323,-0.117941535892153,-0.438659948060425
0.351651542815173,-0.102652442373405,-0.438659948060425
0.412423530082023,-0.0873633488546565,-0.438659948060425
0.452764046072043,-0.0125959939777868,-0.438659948060425
0.391992058805193,-0.0278850874965349,-0.438659948060425
0.331220071538342,-0.043174181015283,-0.438659948060425
0.270448084271492,-0.0584632745340312,-0.438659948060425
0.209676097004642,-0.0737523680527793,-0.438659948060425
0.148904109737791,-0.0890414615715275,-0.438659948060425
0.088132122470941,-0.104330555090276,-0.438659948060425
0.0273601352040907,-0.119619648609024,-0.438659948060425
-0.0334118520627595,-0.134908742127772,-0.438659948060425
-0.0941838393296098,-0.15019783564652,-0.438659948060425
-0.15495582659646,-0.165486929165268,-0.438659948060425
-0.215727813863311,-0.180776022684016,-0.438659948060425
-0.276499801130161,-0.196065116202764,-0.438659948060425
-0.337271788397011,-0.211354209721513,-0.438659948060425
-0.398043775663861,-0.226643303240261,-0.438659948060425
-0.393778246857672,-0.393778246857672,-0.37599424119465
-0.37599424119465,-0.2506628274631,-0.438659948060425
-0.438659948060425,-0.313328534328875,-0.5013256549262
-0.5013256549262,-0.2506628274631,-0.563991361791975
-0.438659948060425,-0.187997120597325,-0.62665706865775
-0.37599424119465,-0.2506628274631,-0.689322775523525
-0.438659948060425,-0.187997120597325,-0.62665706865775
-0.37599424119465,-0.2506628274631,-0.563991361791975
-0.438659948060425,-0.313328534328875,-0.5013256549262
-0.5013256549262,-0.37599424119465,-0.438659948060425
-0.563991361791975,-0.313328534328875,-0.5013256549262
-0.62665706865775,-0.2506628274631,-0.563991361791975
-0.689322775523525,-0.187997120597325,-0.62665706865775
-0.62665706865775,-0.2506628274631,-0.689322775523525
-0.689322775523525,-0.313328534328875,-0.62665706865775
-0.62665706865775,-0.2506628274631,-0.563991361791975
-0.563991361791975,-0.313328534328875,-0.62665706865775
-0.62665706865775,-0.37599424119465,-0.563991361791975
-0.689322775523525,-0.313328534328875,-0.62665706865775
-0.7519884823893,-0.37599424119465,-0.689322775523525
-0.814654189255075,-0.438659948060425,-0.62665706865775
-0.7519884823893,-0.5013256549262,-0.689322775523525
-0.689322775523525,-0.438659948060425,-0.7519884823893
-0.62665706865775,-0.37599424119465,-0.689322775523525
-0.689322775523525,-0.438659948060425,-0.7519884823893
-0.62665706865775,-0.37599424119465,-0.689322775523525
-0.563991361791975,-0.313328534328875,-0.7519884823893
-0.5013256549262,-0.37599424119465,-0.689322775523525
-0.438659948060425,-0.313328534328875,-0.7519884823893
-0.5013256549262,-0.2506628274631,-0.689322775523525
-0.438659948060425,-0.313328534328875,-0.62665706865775
-0.37599424119465,-0.2506628274631,-0.563991361791975
-0.438659948060425,-0.187997120597325,-0.5013256549262
-0.572689056855864,-0.190896352285288,-0.438659948060425
-0.551289545600741,-0.0787556493715346,-0.5013256549262
-0.5013256549262,-8.32667268468867e-17,-0.563991361791975
-0.551289545600741,-0.0787556493715346,-0.62665706865775
-0.572689056855864,-0.190896352285288,-0.689322775523525
-0.667252141362045,-0.133450428272409,-0.62665706865775
-0.7493371725369,-9.17673369829442e-17,-0.689322775523525
-0.667252141362045,-0.133450428272409,-0.62665706865775
-0.643764363536816,-0.321882181768408,-0.563991361791975
-0.667252141362045,-0.133450428272409,-0.62665706865775
-0.62400575880535,-7.64186655170487e-17,-0.563991361791975
-0.667252141362045,-0.133450428272409,-0.5013256549262
-0.572689056855864,-0.190896352285288,-0.438659948060425
-0.544164391383669,-0.326498634830202,-0.37599424119465
-0.643764363536816,-0.321882181768408,-0.313328534328875
-0.667252141362045,-0.133450428272409,-0.2506628274631
-0.572689056855864,-0.190896352285288,-0.313328534328875
-0.438659948060425,-0.187997120597325,-0.37599424119465
-0.5013256549262,-0.2506628274631,-0.313328534328875
-0.438659948060425,-0.187997120597325,-0.37599424119465
-0.408190491424527,-0.164577590064682,-0.438659948060425
-0.347418504157677,-0.149288496545934,-0.438659948060425
-0.286646516890827,-0.133999403027185,-0.438659948060425
-0.225874529623976,-0.118710309508437,-0.438659948060425
-0.165102542357126,-0.103421215989689,-0.438659948060425
-0.104330555090276,-0.088132122470941,-0.438659948060425
-0.0435585678234253,-0.0728430289521929,-0.438659948060425
0.017213419443425,-0.0575539354334448,-0.438659948060425
0.0779854067102753,-0.0422648419146966,-0.438659948060425
0.138757393977126,-0.0269757483959485,-0.438659948060425
0.199529381243976,-0.0116866548772004,-0.438659948060425
0.260301368510826,0.00360243864154779,-0.438659948060425
0.321073355777677,0.0188915321602959,-0.438659948060425
0.381845343044527,0.034180625679044,-0.438659948060425
0.442617330311377,0.0494697191977922,-0.438659948060425
0.422185859034547,0.108947980555914,-0.438659948060425
0.361413871767696,0.0936588870371657,-0.438659948060425
0.300641884500846,0.0783697935184175,-0.438659948060425
0.239869897233996,0.0630806999996694,-0.438659948060425
0.179097909967145,0.0477916064809213,-0.438659948060425
0.118325922700295,0.0325025129621731,-0.438659948060425
0.0575539354334448,0.017213419443425,-0.438659948060425
-0.00321805183340552,0.00192432592467687,-0.438659948060425
-0.0639900391002558,-0.0133647675940713,-0.438659948060425
-0.124762026367106,-0.0286538611128194,-0.438659948060425
-0.185534013633956,-0.0439429546315675,-0.438659948060425
-0.246306000900807,-0.0592320481503157,-0.438659948060425
-0.307077988167657,-0.0745211416690638,-0.438659948060425
-0.367849975434507,-0.0898102351878119,-0.438659948060425
-0.428621962701358,-0.10509932870656,-0.438659948060425
-0.438768678462023,-0.0430336155309811,-0.438659948060425
-0.377996691195173,-0.027744522012233,-0.438659948060425
-0.317224703928323,-0.0124554284934849,-0.438659948060425
-0.256452716661472,0.00283366502526328,-0.438659948060425
-0.195680729394622,0.0181227585440114,-0.438659948060425
-0.134908742127772,0.0334118520627595,-0.438659948060425
-0.0741367548609215,0.0487009455815077,-0.438659948060425
-0.0133647675940713,0.0639900391002558,-0.438659948060425
0.047407219672779,0.0792791326190039,-0.438659948060425
0.108179206939629,0.0945682261377521,-0.438659948060425
0.16895119420648,0.1098573196565,-0.438659948060425
0.22972318147333,0.125146413175248,-0.438659948060425
0.29049516874018,0.140435506693996,-0.438659948060425
0.351267156007031,0.155724600212745,-0.438659948060425
0.412039143273881,0.171013693731493,-0.438659948060425
0.39160767199705,0.230491955089614,-0.438659948060425
0.3308356847302,0.215202861570866,-0.438659948060425
0.27006369746335,0.199913768052118,-0.438659948060425
0.209291710196499,0.18462467453337,-0.438659948060425
0.148519722929649,0.169335581014622,-0.438659948060425
0.0877477356627988,0.154046487495874,-0.438659948060425
0.0269757483959485,0.138757393977126,-0.438659948060425
-0.0337962388709018,0.123468300458377,-0.438659948060425
-0.0945682261377521,0.108179206939629,-0.438659948060425
-0.155340213404602,0.0928901134208812,-0.438659948060425
-0.216112200671453,0.0776010199021331,-0.438659948060425
-0.276884187938303,0.0623119263833849,-0.438659948060425
-0.337656175205153,0.0470228328646368,-0.438659948060425
-0.398428162472004,0.0317337393458886,-0.438659948060425
-0.459200149738854,0.0164446458271405,-0.438659948060425
-0.408574878232669,0.0937994525214676,-0.438659948060425
-0.347802890965819,0.109088546040216,-0.438659948060425
-0.287030903698969,0.124377639558964,-0.438659948060425
-0.226258916432118,0.139666733077712,-0.438659948060425
-0.165486929165268,0.15495582659646,-0.438659948060425
-0.104714941898418,0.170244920115208,-0.438659948060425
-0.0439429546315675,0.185534013633956,-0.438659948060425
0.0168290326352828,0.200823107152705,-0.438659948060425
0.0776010199021331,0.216112200671453,-0.438659948060425
0.138373007168983,0.231401294190201,-0.438659948060425
0.199144994435834,0.246690387708949,-0.438659948060425
0.259916981702684,0.261979481227697,-0.438659948060425
0.320688968969534,0.277268574746445,-0.438659948060425
0.300257497692704,0.336746836104567,-0.438659948060425
0.239485510425853,0.321457742585819,-0.438659948060425
0.178713523159003,0.306168649067071,-0.438659948060425
0.117941535892153,0.290879555548323,-0.438659948060425
0.0571695486253025,0.275590462029574,-0.438659948060425
-0.00360243864154779,0.260301368510826,-0.438659948060425
-0.0643744259083981,0.245012274992078,-0.438659948060425
-0.125146413175248,0.22972318147333,-0.438659948060425
-0.185918400442099,0.214434087954582,-0.438659948060425
-0.246690387708949,0.199144994435834,-0.438659948060425
-0.307462374975799,0.183855900917086,-0.438659948060425
-0.36823436224265,0.168566807398337,-0.438659948060425
-0.4290063495095,0.153277713879589,-0.438659948060425
-0.378381078003315,0.230632520573916,-0.438659948060425
-0.317609090736465,0.245921614092665,-0.438659948060425
-0.256837103469615,0.261210707611413,-0.438659948060425
-0.196065116202764,0.276499801130161,-0.438659948060425
-0.135293128935914,0.291788894648909,-0.438659948060425
-0.0745211416690638,0.307077988167657,-0.438659948060425
-0.0137491544022135,0.322367081686405,-0.438659948060425
0.0470228328646368,0.337656175205153,-0.438659948060425
0.107794820131487,0.352945268723901,-0.438659948060425
0.168566807398337,0.36823436224265,-0.438659948060425
0.229338794665188,0.383523455761398,-0.438659948060425
0.326498634830201,0.544164391383669,-0.37599424119465
0.190896352285288,0.572689056855864,-0.438659948060425
0.148135336121507,0.427712623600771,-0.438659948060425
0.0873633488546565,0.412423530082023,-0.438659948060425
0.0265913615878062,0.397134436563275,-0.438659948060425
-0.034180625679044,0.381845343044527,-0.438659948060425
-0.0949526129458943,0.366556249525779,-0.438659948060425
-0.155724600212745,0.351267156007031,-0.438659948060425
-0.216496587479595,0.335978062488282,-0.438659948060425
-0.277268574746445,0.320688968969534,-0.438659948060425
-0.338040562013296,0.305399875450786,-0.438659948060425
-0.226643303240261,0.398043775663861,-0.438659948060425
-0.16587131597341,0.41333286918261,-0.438659948060425
-0.10509932870656,0.428621962701358,-0.438659948060425
-0.0443273414397098,0.443911056220106,-0.438659948060425
0.0164446458271405,0.459200149738854,-0.438659948060425
-0.062665706865775,0.5013256549262,-0.37599424119465
0,0.563991361791975,-0.438659948060425
-0.062665706865775,0.5013256549262,-0.37599424119465
-0.12533141373155,0.438659948060425,-0.313328534328875
-0.187997120597325,0.5013256549262,-0.2506628274631
-0.2506628274631,0.438659948060425,-0.187997120597325
-0.313328534328875,0.37599424119465,-0.2506628274631
-0.2506628274631,0.438659948060425,-0.313328534328875
-0.247941725757417,0.386859282588643,-0.37599424119465
-0.289195390021917,0.339688041331504,-0.37599424119465
-0.330449054286417,0.292516800074366,-0.37599424119465
-0.371702718550916,0.245345558817227,-0.37599424119465
-0.412956382815416,0.198174317560088,-0.37599424119465
-0.451783254823699,0.0585866550719973,-0.37599424119465
-0.410529590559199,0.105757896329136,-0.37599424119465
-0.3692759262947,0.152929137586275,-0.37599424119465
-0.3280222620302,0.200100378843413,-0.37599424119465
-0.2867685977657,0.247271620100552,-0.37599424119465
-0.245514933501201,0.294442861357691,-0.37599424119465
-0.204261269236701,0.34161410261483,-0.37599424119465
-0.163007604972201,0.388785343871968,-0.37599424119465
-0.121753940707702,0.435956585129107,-0.37599424119465
-0.0298382504496411,0.44586567783106,-0.37599424119465
-0.0710919147141407,0.398694436573921,-0.37599424119465
-0.11234557897864,0.351523195316782,-0.37599424119465
-0.15359924324314,0.304351954059644,-0.37599424119465
-0.19485290750764,0.257180712802505,-0.37599424119465
-0.236106571772139,0.210009471545366,-0.37599424119465
-0.277360236036639,0.162838230288228,-0.37599424119465
-0.318613900301139,0.115666989031089,-0.37599424119465
-0.359867564565638,0.0684957477739501,-0.37599424119465
-0.401121228830138,0.0213245065168114,-0.37599424119465
-0.442374893094638,-0.0258467347403273,-0.37599424119465
-0.439948100838421,-0.118263155971279,-0.37599424119465
-0.398694436573921,-0.0710919147141407,-0.37599424119465
-0.357440772309422,-0.023920673457002,-0.37599424119465
-0.316187108044922,0.0232505678001368,-0.37599424119465
-0.274933443780422,0.0704218090572755,-0.37599424119465
-0.233679779515922,0.117593050314414,-0.37599424119465
-0.192426115251423,0.164764291571553,-0.37599424119465
-0.151172450986923,0.211935532828692,-0.37599424119465
-0.109918786722424,0.25910677408583,-0.37599424119465
-0.0686651224579239,0.306278015342969,-0.37599424119465
-0.0274114581934242,0.353449256600108,-0.37599424119465
0.0138422060710755,0.400620497857246,-0.37599424119465
0.0550958703355751,0.447791739114385,-0.37599424119465
0.105757896329136,0.410529590559199,-0.37599424119465
0.0645042320646364,0.36335834930206,-0.37599424119465
0.0232505678001368,0.316187108044922,-0.37599424119465
-0.018003096464363,0.269015866787783,-0.37599424119465
-0.0592567607288626,0.221844625530644,-0.37599424119465
-0.100510424993362,0.174673384273506,-0.37599424119465
-0.141764089257862,0.127502143016367,-0.37599424119465
-0.183017753522362,0.0803309017592282,-0.37599424119465
-0.224271417786861,0.0331596605020895,-0.37599424119465
-0.265525082051361,-0.0140115807550492,-0.37599424119465
-0.30677874631586,-0.0611828220121879,-0.37599424119465
-0.34803241058036,-0.108354063269327,-0.37599424119465
-0.38928607484486,-0.155525304526465,-0.37599424119465
-0.386859282588643,-0.247941725757417,-0.37599424119465
-0.345605618324143,-0.200770484500279,-0.37599424119465
-0.304351954059644,-0.15359924324314,-0.37599424119465
-0.263098289795144,-0.106428001986001,-0.37599424119465
-0.221844625530644,-0.0592567607288626,-0.37599424119465
-0.180590961266145,-0.0120855194717239,-0.37599424119465
-0.139337297001645,0.0350857217854148,-0.37599424119465
-0.0980836327371453,0.0822569630425535,-0.37599424119465
-0.0568299684726457,0.129428204299692,-0.37599424119465
-0.0155763042081461,0.176599445556831,-0.37599424119465
0.0256773600563536,0.22377068681397,-0.37599424119465
0.0669310243208533,0.270941928071108,-0.37599424119465
0.108184688585353,0.318113169328247,-0.37599424119465
0.149438352849853,0.365284410585386,-0.37599424119465
0.190692017114352,0.412455651842524,-0.37599424119465
0.241354043107913,0.375193503287339,-0.37599424119465
0.200100378843413,0.3280222620302,-0.37599424119465
0.158846714578914,0.280851020773061,-0.37599424119465
0.117593050314414,0.233679779515922,-0.37599424119465
0.0763393860499144,0.186508538258784,-0.37599424119465
0.0350857217854148,0.139337297001645,-0.37599424119465
-0.00616794247908486,0.0921660557445063,-0.37599424119465
-0.0474216067435845,0.0449948144873676,-0.37599424119465
-0.0886752710080842,-0.00217642676977111,-0.37599424119465
-0.129928935272584,-0.0493476680269098,-0.37599424119465
-0.171182599537083,-0.0965189092840485,-0.37599424119465
-0.212436263801583,-0.143690150541187,-0.37599424119465
-0.253689928066083,-0.190861391798326,-0.37599424119465
-0.294943592330582,-0.238032633055465,-0.37599424119465
-0.336197256595082,-0.285203874312603,-0.37599424119465
-0.292516800074366,-0.330449054286417,-0.37599424119465
-0.251263135809866,-0.283277813029278,-0.37599424119465
-0.210009471545366,-0.236106571772139,-0.37599424119465
-0.168755807280867,-0.188935330515001,-0.37599424119465
-0.127502143016367,-0.141764089257862,-0.37599424119465
-0.0862484787518672,-0.0945928480007232,-0.37599424119465
-0.0449948144873676,-0.0474216067435845,-0.37599424119465
-0.00374115022286794,-0.000250365486445811,-0.37599424119465
0.0375125140416317,0.0469208757706929,-0.37599424119465
0.0787661783061313,0.0940921170278316,-0.37599424119465
0.120019842570631,0.14126335828497,-0.37599424119465
0.161273506835131,0.188434599542109,-0.37599424119465
0.20252717109963,0.235605840799248,-0.37599424119465
0.24378083536413,0.282777082056386,-0.37599424119465
0.28503449962863,0.329948323313525,-0.37599424119465
0.33569652562219,0.292686174758339,-0.37599424119465
0.294442861357691,0.245514933501201,-0.37599424119465
0.253189197093191,0.198343692244062,-0.37599424119465
0.211935532828692,0.151172450986923,-0.37599424119465
0.170681868564192,0.104001209729784,-0.37599424119465
0.129428204299692,0.0568299684726457,-0.37599424119465
0.0881745400351925,0.00965872721550699,-0.37599424119465
0.0469208757706929,-0.0375125140416317,-0.37599424119465
0.00566721150619324,-0.0846837552987704,-0.37599424119465
-0.0355864527583064,-0.131854996555909,-0.37599424119465
-0.076840117022806,-0.179026237813048,-0.37599424119465
-0.118093781287306,-0.226197479070187,-0.37599424119465
-0.159347445551805,-0.273368720327325,-0.37599424119465
-0.200601109816305,-0.320539961584464,-0.37599424119465
-0.241854774080805,-0.367711202841603,-0.37599424119465
-0.198174317560088,-0.412956382815416,-0.37599424119465
-0.156920653295589,-0.365785141558277,-0.37599424119465
-0.115666989031089,-0.318613900301139,-0.37599424119465
-0.0744133247665892,-0.271442659044,-0.37599424119465
-0.0331596605020895,-0.224271417786861,-0.37599424119465
0.00809400376241015,-0.177100176529722,-0.37599424119465
0.0493476680269098,-0.129928935272584,-0.37599424119465
0.0906013322914094,-0.0827576940154451,-0.37599424119465
0.131854996555909,-0.0355864527583064,-0.37599424119465
0.173108660820409,0.0115847884988323,-0.37599424119465
0.214362325084908,0.058756029755971,-0.37599424119465
0.255615989349408,0.10592727101311,-0.37599424119465
0.296869653613908,0.153098512270248,-0.37599424119465
0.338123317878407,0.200269753527387,-0.37599424119465
0.379376982142907,0.247440994784526,-0.37599424119465
0.388785343871968,0.163007604972201,-0.37599424119465
0.347531679607469,0.115836363715063,-0.37599424119465
0.306278015342969,0.0686651224579239,-0.37599424119465
0.265024351078469,0.0214938812007851,-0.37599424119465
0.22377068681397,-0.0256773600563536,-0.37599424119465
0.18251702254947,-0.0728486013134923,-0.37599424119465
0.14126335828497,-0.120019842570631,-0.37599424119465
0.100009694020471,-0.16719108382777,-0.37599424119465
0.058756029755971,-0.214362325084908,-0.37599424119465
0.0175023654914713,-0.261533566342047,-0.37599424119465
-0.0237512987730283,-0.308704807599186,-0.37599424119465
-0.065004963037528,-0.355876048856325,-0.37599424119465
-0.106258627302028,-0.403047290113463,-0.37599424119465
-0.0625781707813111,-0.448292470087277,-0.37599424119465
-0.0213245065168114,-0.401121228830138,-0.37599424119465
0.0199291577476882,-0.353949987572999,-0.37599424119465
0.0611828220121879,-0.30677874631586,-0.37599424119465
0.102436486276688,-0.259607505058722,-0.37599424119465
0.143690150541187,-0.212436263801583,-0.37599424119465
0.184943814805687,-0.165265022544444,-0.37599424119465
0.226197479070187,-0.118093781287306,-0.37599424119465
0.267451143334686,-0.070922540030167,-0.37599424119465
0.308704807599186,-0.0237512987730283,-0.37599424119465
0.349958471863685,0.0234199424841104,-0.37599424119465
0.391212136128185,0.0705911837412492,-0.37599424119465
0.432465800392685,0.117762424998388,-0.37599424119465
0.441874162121746,0.0333290351860632,-0.37599424119465
0.400620497857246,-0.0138422060710755,-0.37599424119465
0.359366833592747,-0.0610134473282143,-0.37599424119465
0.318113169328247,-0.108184688585353,-0.37599424119465
0.276859505063747,-0.155355929842492,-0.37599424119465
0.235605840799248,-0.20252717109963,-0.37599424119465
0.194352176534748,-0.249698412356769,-0.37599424119465
0.153098512270248,-0.296869653613908,-0.37599424119465
0.111844848005749,-0.344040894871046,-0.37599424119465
0.0705911837412492,-0.391212136128185,-0.37599424119465
0.0293375194767495,-0.438383377385324,-0.37599424119465
0.114271640261966,-0.436457316101999,-0.37599424119465
0.155525304526465,-0.38928607484486,-0.37599424119465
0.196778968790965,-0.342114833587721,-0.37599424119465
0.238032633055465,-0.294943592330582,-0.37599424119465
0.279286297319964,-0.247772351073444,-0.37599424119465
0.320539961584464,-0.200601109816305,-0.37599424119465
0.361793625848964,-0.153429868559166,-0.37599424119465
0.403047290113463,-0.106258627302028,-0.37599424119465
0.444300954377963,-0.059087386044889,-0.37599424119465
0.412455651842524,-0.190692017114352,-0.37599424119465
0.371201987578025,-0.237863258371491,-0.37599424119465
0.329948323313525,-0.28503449962863,-0.37599424119465
0.288694659049026,-0.332205740885768,-0.37599424119465
0.247440994784526,-0.379376982142907,-0.37599424119465
0.313328534328875,-0.438659948060425,-0.438659948060425
0.37599424119465,-0.37599424119465,-0.37599424119465
0.438659948060425,-0.438659948060425,-0.313328534328875
0.5013256549262,-0.37599424119465,-0.2506628274631
0.438659948060425,-0.313328534328875,-0.187997120597325
0.37599424119465,-0.2506628274631,-0.2506628274631
0.438659948060425,-0.187997120597325,-0.187997120597325
0.5013256549262,-0.2506628274631,-0.2506628274631
0.438659948060425,-0.187997120597325,-0.313328534328875
0.37599424119465,-0.2506628274631,-0.37599424119465
0.412370009395183,-0.233254319368638,-0.313328534328875
0.419425059895567,-0.170987015914705,-0.313328534328875
0.426480110395951,-0.108719712460771,-0.313328534328875
0.433535160896335,-0.0464524090068371,-0.313328534328875
0.440590211396719,0.0158148944470966,-0.313328534328875
0.447645261897104,0.0780821979010304,-0.313328534328875
0.454700312397488,0.140349501354964,-0.313328534328875
0.518432949805266,0.259216474902633,-0.2506628274631
0.398891078229287,0.204402947532229,-0.313328534328875
0.391836027728903,0.142135644078295,-0.313328534328875
0.384780977228519,0.0798683406243615,-0.313328534328875
0.377725926728135,0.0176010371704278,-0.313328534328875
0.370670876227751,-0.044666266283506,-0.313328534328875
0.363615825727366,-0.10693356973744,-0.313328534328875
0.356560775226982,-0.169200873191373,-0.313328534328875
0.349505724726598,-0.231468176645307,-0.313328534328875
0.342450674226214,-0.293735480099241,-0.313328534328875
0.273725301486547,-0.343678825275738,-0.313328534328875
0.280780351986931,-0.281411521821804,-0.313328534328875
0.287835402487315,-0.21914421836787,-0.313328534328875
0.294890452987699,-0.156876914913936,-0.313328534328875
0.301945503488084,-0.0946096114600025,-0.313328534328875
0.309000553988468,-0.0323423080060688,-0.313328534328875
0.316055604488852,0.029924995447865,-0.313328534328875
0.323110654989236,0.0921922989017987,-0.313328534328875
0.33016570548962,0.154459602355732,-0.313328534328875
0.337220755990004,0.216726905809666,-0.313328534328875
0.344275806490389,0.2789942092636,-0.313328534328875
0.288466572322188,0.343047655440865,-0.313328534328875
0.281411521821804,0.280780351986931,-0.313328534328875
0.27435647132142,0.218513048532997,-0.313328534328875
0.267301420821035,0.156245745079064,-0.313328534328875
0.260246370320651,0.0939784416251298,-0.313328534328875
0.253191319820267,0.0317111381711961,-0.313328534328875
0.246136269319883,-0.0305561652827376,-0.313328534328875
0.239081218819499,-0.0928234687366714,-0.313328534328875
0.232026168319115,-0.155090772190605,-0.313328534328875
0.22497111781873,-0.217358075644539,-0.313328534328875
0.217916067318346,-0.279625379098473,-0.313328534328875
0.210861016817962,-0.341892682552406,-0.313328534328875
0.203805966317578,-0.40415998600634,-0.313328534328875
0.374032220091324,-0.467540275114155,-0.2506628274631
0.412002879402675,-0.5493371725369,-0.187997120597325
0.374032220091324,-0.467540275114155,-0.12533141373155
0.313328534328875,-0.37599424119465,-0.062665706865775
0.37599424119465,-0.438659948060425,-0.12533141373155
0.313328534328875,-0.5013256549262,-0.062665706865775
0.2506628274631,-0.563991361791975,-0.12533141373155
0.313328534328875,-0.5013256549262,-0.062665706865775
0.2506628274631,-0.438659948060425,-2.77555756156289e-17
0.313328534328875,-0.37599424119465,-0.062665706865775
0.2506628274631,-0.438659948060425,-0.12533141373155
0.259216474902633,-0.518432949805266,-0.187997120597325
0.2506628274631,-0.438659948060425,-0.2506628274631
0.313328534328875,-0.37599424119465,-0.187997120597325
0.37599424119465,-0.313328534328875,-0.2506628274631
0.438659948060425,-0.2506628274631,-0.187997120597325
0.5013256549262,-0.187997120597325,-0.12533141373155
0.563991361791975,-0.2506628274631,-0.187997120597325
0.5013256549262,-0.187997120597325,-0.2506628274631
0.438659948060425,-0.12533141373155,-0.313328534328875
0.5013256549262,-0.187997120597325,-0.2506628274631
0.563991361791975,-0.12533141373155,-0.313328534328875
0.5013256549262,-0.187997120597325,-0.2506628274631
0.438659948060425,-0.12533141373155,-0.187997120597325
0.518432949805266,-0.259216474902633,-0.2506628274631
0.438659948060425,-0.2506628274631,-0.313328534328875
0.37599424119465,-0.313328534328875,-0.2506628274631
0.438659948060425,-0.37599424119465,-0.313328534328875
0.37599424119465,-0.313328534328875,-0.37599424119465
0.438659948060425,-0.37599424119465,-0.313328534328875
0.5013256549262,-0.438659948060425,-0.37599424119465
0.438659948060425,-0.5013256549262,-0.313328534328875
0.5013256549262,-0.563991361791975,-0.37599424119465
0.438659948060425,-0.62665706865775,-0.438659948060425
0.5013256549262,-0.689322775523525,-0.5013256549262
0.438659948060425,-0.62665706865775,-0.438659948060425
0.5013256549262,-0.689322775523525,-0.37599424119465
0.438659948060425,-0.7519884823893,-0.438659948060425
0.37599424119465,-0.689322775523525,-0.37599424119465
0.438659948060425,-0.7519884823893,-0.313328534328875
0.5013256549262,-0.814654189255075,-0.2506628274631
0.438659948060425,-0.7519884823893,-0.313328534328875
0.37599424119465,-0.814654189255075,-0.2506628274631
0.313328534328875,-0.7519884823893,-0.313328534328875
0.2506628274631,-0.689322775523525,-0.2506628274631
0.187997120597325,-0.62665706865775,-0.313328534328875
0.12533141373155,-0.563991361791975,-0.2506628274631
0.0626657068657751,-0.5013256549262,-0.313328534328875
0.135080593577911,-0.454103331182837,-0.313328534328875
0.142135644078295,-0.391836027728903,-0.313328534328875
0.149190694578679,-0.329568724274969,-0.313328534328875
0.156245745079064,-0.267301420821035,-0.313328534328875
0.163300795579448,-0.205034117367102,-0.313328534328875
0.170355846079832,-0.142766813913168,-0.313328534328875
0.177410896580216,-0.0804995104592342,-0.313328534328875
0.1844659470806,-0.0182322070053004,-0.313328534328875
0.191520997580984,0.0440350964486333,-0.313328534328875
0.198576048081369,0.106302399902567,-0.313328534328875
0.205631098581753,0.168569703356501,-0.313328534328875
0.212686149082137,0.230837006810435,-0.313328534328875
0.219741199582521,0.293104310264368,-0.313328534328875
0.226796250082905,0.355371613718302,-0.313328534328875
0.233851300583289,0.417638917172236,-0.313328534328875
0.170987015914705,0.419425059895567,-0.313328534328875
0.16393196541432,0.357157756441633,-0.313328534328875
0.156876914913936,0.294890452987699,-0.313328534328875
0.149821864413552,0.232623149533766,-0.313328534328875
0.142766813913168,0.170355846079832,-0.313328534328875
0.135711763412784,0.108088542625898,-0.313328534328875
0.1286567129124,0.0458212391719644,-0.313328534328875
0.121601662412015,-0.0164460642819693,-0.313328534328875
0.114546611911631,-0.0787133677359031,-0.313328534328875
0.107491561411247,-0.140980671189837,-0.313328534328875
0.100436510910863,-0.203247974643771,-0.313328534328875
0.0933814604104788,-0.265515278097704,-0.313328534328875
0.0863264099100946,-0.327782581551638,-0.313328534328875
0.0792713594097104,-0.390049885005572,-0.313328534328875
0.0722163089093263,-0.452317188459506,-0.313328534328875
0.0105459866700436,-0.439993230182068,-0.313328534328875
0.0176010371704278,-0.377725926728135,-0.313328534328875
0.0246560876708119,-0.315458623274201,-0.313328534328875
0.0317111381711961,-0.253191319820267,-0.313328534328875
0.0387661886715803,-0.190924016366333,-0.313328534328875
0.0458212391719644,-0.1286567129124,-0.313328534328875
0.0528762896723486,-0.0663894094584659,-0.313328534328875
0.0599313401727328,-0.00412210600453211,-0.313328534328875
0.0669863906731169,0.0581451974494016,-0.313328534328875
0.0740414411735011,0.120412500903335,-0.313328534328875
0.0810964916738852,0.182679804357269,-0.313328534328875
0.0881515421742694,0.244947107811203,-0.313328534328875
0.0952065926746536,0.307214411265137,-0.313328534328875
0.102261643175038,0.36948171471907,-0.313328534328875
0.109316693675422,0.431749018173004,-0.313328534328875
0.0464524090068371,0.433535160896335,-0.313328534328875
0.0393973585064529,0.371267857442402,-0.313328534328875
0.0323423080060688,0.309000553988468,-0.313328534328875
0.0252872575056846,0.246733250534534,-0.313328534328875
0.0182322070053004,0.1844659470806,-0.313328534328875
0.0111771565049163,0.122198643626666,-0.313328534328875
0.00412210600453211,0.0599313401727328,-0.313328534328875
-0.00293294449585205,-0.00233596328120098,-0.313328534328875
-0.00998799499623622,-0.0646032667351347,-0.313328534328875
-0.0170430454966204,-0.126870570189068,-0.313328534328875
-0.0240980959970045,-0.189137873643002,-0.313328534328875
-0.0311531464973887,-0.251405177096936,-0.313328534328875
-0.0382081969977729,-0.31367248055087,-0.313328534328875
-0.045263247498157,-0.375939784004804,-0.313328534328875
-0.0523182979985412,-0.438207087458737,-0.313328534328875
-0.113988620237824,-0.4258831291813,-0.313328534328875
-0.10693356973744,-0.363615825727366,-0.313328534328875
-0.0998785192370556,-0.301348522273433,-0.313328534328875
-0.0928234687366714,-0.239081218819499,-0.313328534328875
-0.0857684182362872,-0.176813915365565,-0.313328534328875
-0.0787133677359031,-0.114546611911631,-0.313328534328875
-0.0716583172355189,-0.0522793084576975,-0.313328534328875
-0.0646032667351347,0.00998799499623622,-0.313328534328875
-0.0575482162347506,0.07225529845017,-0.313328534328875
-0.0504931657343664,0.134522601904104,-0.313328534328875
-0.0434381152339822,0.196789905358037,-0.313328534328875
-0.0363830647335981,0.259057208811971,-0.313328534328875
-0.0293280142332139,0.321324512265905,-0.313328534328875
-0.0222729637328297,0.383591815719839,-0.313328534328875
-0.0152179132324456,0.445859119173772,-0.313328534328875
-0.062665706865775,0.5013256549262,-0.2506628274631
3.43721648920505e-17,0.561340051939575,-0.313328534328875
-0.0780821979010304,0.447645261897104,-0.313328534328875
-0.0851372484014145,0.38537795844317,-0.313328534328875
-0.0921922989017987,0.323110654989236,-0.313328534328875
-0.0992473494021829,0.260843351535302,-0.313328534328875
-0.106302399902567,0.198576048081369,-0.313328534328875
-0.113357450402951,0.136308744627435,-0.313328534328875
-0.120412500903335,0.0740414411735011,-0.313328534328875
-0.12746755140372,0.0117741377195673,-0.313328534328875
-0.134522601904104,-0.0504931657343664,-0.313328534328875
-0.141577652404488,-0.1127604691883,-0.313328534328875
-0.148632702904872,-0.175027772642234,-0.313328534328875
-0.155687753405256,-0.237295076096168,-0.313328534328875
-0.16274280390564,-0.299562379550101,-0.313328534328875
-0.169797854406025,-0.361829683004035,-0.313328534328875
-0.176852904906409,-0.424096986457969,-0.313328534328875
-0.238523227145691,-0.411773028180532,-0.313328534328875
-0.231468176645307,-0.349505724726598,-0.313328534328875
-0.224413126144923,-0.287238421272664,-0.313328534328875
-0.217358075644539,-0.22497111781873,-0.313328534328875
-0.210303025144155,-0.162703814364797,-0.313328534328875
-0.203247974643771,-0.100436510910863,-0.313328534328875
-0.196192924143386,-0.0381692074569292,-0.313328534328875
-0.189137873643002,0.0240980959970045,-0.313328534328875
-0.182082823142618,0.0863653994509383,-0.313328534328875
-0.175027772642234,0.148632702904872,-0.313328534328875
-0.16797272214185,0.210900006358806,-0.313328534328875
-0.160917671641466,0.27316730981274,-0.313328534328875
-0.153862621141081,0.335434613266673,-0.313328534328875
-0.146807570640697,0.397701916720607,-0.313328534328875
-0.209671855309282,0.399488059443938,-0.313328534328875
-0.216726905809666,0.337220755990004,-0.313328534328875
-0.22378195631005,0.274953452536071,-0.313328534328875
-0.230837006810435,0.212686149082137,-0.313328534328875
-0.237892057310819,0.150418845628203,-0.313328534328875
-0.244947107811203,0.0881515421742694,-0.313328534328875
-0.252002158311587,0.0258842387203357,-0.313328534328875
-0.259057208811971,-0.0363830647335981,-0.313328534328875
-0.266112259312355,-0.0986503681875318,-0.313328534328875
-0.27316730981274,-0.160917671641466,-0.313328534328875
-0.280222360313124,-0.223184975095399,-0.313328534328875
-0.287277410813508,-0.285452278549333,-0.313328534328875
-0.294332461313892,-0.347719582003267,-0.313328534328875
-0.348947733052791,-0.273128320271896,-0.313328534328875
-0.341892682552406,-0.210861016817962,-0.313328534328875
-0.334837632052022,-0.148593713364028,-0.313328534328875
-0.327782581551638,-0.0863264099100946,-0.313328534328875
-0.320727531051254,-0.0240591064561609,-0.313328534328875
-0.31367248055087,0.0382081969977729,-0.313328534328875
-0.306617430050486,0.100475500451707,-0.313328534328875
-0.299562379550101,0.16274280390564,-0.313328534328875
-0.292507329049717,0.225010107359574,-0.313328534328875
-0.285452278549333,0.287277410813508,-0.313328534328875
-0.278397228048949,0.349544714267442,-0.313328534328875
-0.348316563217918,0.289063553536839,-0.313328534328875
-0.355371613718302,0.226796250082905,-0.313328534328875
-0.362426664218686,0.164528946628971,-0.313328534328875
-0.36948171471907,0.102261643175038,-0.313328534328875
-0.376536765219455,0.039994339721104,-0.313328534328875
-0.383591815719839,-0.0222729637328297,-0.313328534328875
-0.390646866220223,-0.0845402671867635,-0.313328534328875
-0.397701916720607,-0.146807570640697,-0.313328534328875
-0.404756967220991,-0.209074874094631,-0.313328534328875
-0.45937223895989,-0.13448361236326,-0.313328534328875
-0.452317188459506,-0.0722163089093263,-0.313328534328875
-0.445262137959121,-0.00994900545539253,-0.313328534328875
-0.438207087458737,0.0523182979985412,-0.313328534328875
-0.431152036958353,0.114585601452475,-0.313328534328875
-0.424096986457969,0.176852904906409,-0.313328534328875
-0.5013256549262,0.12533141373155,-0.37599424119465
-0.438659948060425,0.187997120597325,-0.313328534328875
-0.5013256549262,0.12533141373155,-0.2506628274631
-0.563991361791975,0.062665706865775,-0.313328534328875
-0.5013256549262,0.12533141373155,-0.2506628274631
-0.551289545600741,0.0787556493715346,-0.313328534328875
-0.5013256549262,2.77555756156289e-17,-0.2506628274631
-0.478989675140467,-0.0408820437646358,-0.2506628274631
-0.449335542342342,-0.0960873263468161,-0.2506628274631
-0.419681409544216,-0.151292608928996,-0.2506628274631
-0.390027276746091,-0.206497891511177,-0.2506628274631
-0.360373143947966,-0.261703174093357,-0.2506628274631
-0.33071901114984,-0.316908456675537,-0.2506628274631
-0.301064878351715,-0.372113739257718,-0.2506628274631
-0.213696202376281,-0.402336225788302,-0.2506628274631
-0.243350335174407,-0.347130943206122,-0.2506628274631
-0.273004467972532,-0.291925660623942,-0.2506628274631
-0.302658600770658,-0.236720378041761,-0.2506628274631
-0.332312733568783,-0.181515095459581,-0.2506628274631
-0.361966866366908,-0.126309812877401,-0.2506628274631
-0.391620999165034,-0.0711045302952202,-0.2506628274631
-0.421275131963159,-0.0158992477130399,-0.2506628274631
-0.450929264761285,0.0393060348691405,-0.2506628274631
-0.427887375572357,0.128836786995976,-0.2506628274631
-0.398233242774232,0.0736315044137954,-0.2506628274631
-0.368579109976106,0.018426221831615,-0.2506628274631
-0.338924977177981,-0.0367790607505654,-0.2506628274631
-0.309270844379856,-0.0919843433327457,-0.2506628274631
-0.27961671158173,-0.147189625914926,-0.2506628274631
-0.249962578783605,-0.202394908497106,-0.2506628274631
-0.22030844598548,-0.257600191079287,-0.2506628274631
-0.190654313187354,-0.312805473661467,-0.2506628274631
-0.161000180389229,-0.368010756243647,-0.2506628274631
-0.131346047591103,-0.423216038825828,-0.2506628274631
-0.04397737161567,-0.453438525356412,-0.2506628274631
-0.0736315044137954,-0.398233242774232,-0.2506628274631
-0.103285637211921,-0.343027960192052,-0.2506628274631
-0.132939770010046,-0.287822677609871,-0.2506628274631
-0.162593902808172,-0.232617395027691,-0.2506628274631
-0.192248035606297,-0.17741211244551,-0.2506628274631
-0.221902168404422,-0.12220682986333,-0.2506628274631
-0.251556301202548,-0.0670015472811498,-0.2506628274631
-0.281210434000673,-0.0117962646989694,-0.2506628274631
-0.310864566798799,0.0434090178832109,-0.2506628274631
-0.340518699596924,0.0986143004653912,-0.2506628274631
-0.370172832395049,0.153819583047572,-0.2506628274631
-0.399826965193175,0.209024865629752,-0.2506628274631
-0.376785076004247,0.298555617756587,-0.2506628274631
-0.347130943206122,0.243350335174407,-0.2506628274631
-0.317476810407996,0.188145052592227,-0.2506628274631
-0.287822677609871,0.132939770010046,-0.2506628274631
-0.258168544811746,0.0777344874278658,-0.2506628274631
-0.22851441201362,0.0225292048456854,-0.2506628274631
-0.198860279215495,-0.0326760777364949,-0.2506628274631
-0.16920614641737,-0.0878813603186752,-0.2506628274631
-0.139552013619244,-0.143086642900856,-0.2506628274631
-0.109897880821119,-0.198291925483036,-0.2506628274631
-0.0802437480229933,-0.253497208065216,-0.2506628274631
-0.050589615224868,-0.308702490647397,-0.2506628274631
-0.0209354824267425,-0.363907773229577,-0.2506628274631
0.00871865037138286,-0.419113055811757,-0.2506628274631
0.0383727831695083,-0.474318338393938,-0.2506628274631
0.0960873263468161,-0.449335542342342,-0.2506628274631
0.0664331935486908,-0.394130259760161,-0.2506628274631
0.0367790607505654,-0.338924977177981,-0.2506628274631
0.00712492795243999,-0.283719694595801,-0.2506628274631
-0.0225292048456854,-0.22851441201362,-0.2506628274631
-0.0521833376438108,-0.17330912943144,-0.2506628274631
-0.0818374704419362,-0.11810384684926,-0.2506628274631
-0.111491603240062,-0.0628985642670793,-0.2506628274631
-0.141145736038187,-0.00769328168489893,-0.2506628274631
-0.170799868836312,0.0475120008972814,-0.2506628274631
-0.200454001634438,0.102717283479462,-0.2506628274631
-0.230108134432563,0.157922566061642,-0.2506628274631
-0.259762267230689,0.213127848643822,-0.2506628274631
-0.289416400028814,0.268333131226003,-0.2506628274631
-0.319070532826939,0.323538413808183,-0.2506628274631
-0.266374510839887,0.357863883352838,-0.2506628274631
-0.236720378041761,0.302658600770658,-0.2506628274631
-0.207066245243636,0.247453318188477,-0.2506628274631
-0.17741211244551,0.192248035606297,-0.2506628274631
-0.147757979647385,0.137042753024117,-0.2506628274631
-0.11810384684926,0.0818374704419362,-0.2506628274631
-0.0884497140511342,0.0266321878597559,-0.2506628274631
-0.0587955812530088,-0.0285730947224244,-0.2506628274631
-0.0291414484548835,-0.0837783773046048,-0.2506628274631
0.000512684343241934,-0.138983659886785,-0.2506628274631
0.0301668171413673,-0.194188942468965,-0.2506628274631
0.0598209499394927,-0.249394225051146,-0.2506628274631
0.0894750827376181,-0.304599507633326,-0.2506628274631
0.119129215535744,-0.359804790215507,-0.2506628274631
0.148783348333869,-0.415010072797687,-0.2506628274631
0.206497891511177,-0.390027276746091,-0.2506628274631
0.176843758713051,-0.334821994163911,-0.2506628274631
0.147189625914926,-0.27961671158173,-0.2506628274631
0.117535493116801,-0.22441142899955,-0.2506628274631
0.0878813603186752,-0.16920614641737,-0.2506628274631
0.0582272275205498,-0.114000863835189,-0.2506628274631
0.0285730947224244,-0.0587955812530088,-0.2506628274631
-0.00108103807570094,-0.0035902986708285,-0.2506628274631
-0.0307351708738263,0.0516149839113518,-0.2506628274631
-0.0603893036719517,0.106820266493532,-0.2506628274631
-0.0900434364700771,0.162025549075713,-0.2506628274631
-0.119697569268202,0.217230831657893,-0.2506628274631
-0.149351702066328,0.272436114240073,-0.2506628274631
-0.179005834864453,0.327641396822254,-0.2506628274631
-0.208659967662579,0.382846679404434,-0.2506628274631
-0.155963945675526,0.417172148949089,-0.2506628274631
-0.126309812877401,0.361966866366908,-0.2506628274631
-0.0966556800792751,0.306761583784728,-0.2506628274631
-0.0670015472811498,0.251556301202548,-0.2506628274631
-0.0373474144830243,0.196351018620367,-0.2506628274631
-0.00769328168489893,0.141145736038187,-0.2506628274631
0.0219608511132264,0.0859404534560067,-0.2506628274631
0.0516149839113518,0.0307351708738263,-0.2506628274631
0.0812691167094772,-0.024470111708354,-0.2506628274631
0.110923249507603,-0.0796753942905343,-0.2506628274631
0.140577382305728,-0.134880676872715,-0.2506628274631
0.170231515103853,-0.190085959454895,-0.2506628274631
0.199885647901979,-0.245291242037075,-0.2506628274631
0.229539780700104,-0.300496524619256,-0.2506628274631
0.25919391349823,-0.355701807201436,-0.2506628274631
0.316908456675537,-0.33071901114984,-0.2506628274631
0.287254323877412,-0.27551372856766,-0.2506628274631
0.257600191079287,-0.22030844598548,-0.2506628274631
0.227946058281161,-0.165103163403299,-0.2506628274631
0.198291925483036,-0.109897880821119,-0.2506628274631
0.16863779268491,-0.0546925982389384,-0.2506628274631
0.138983659886785,0.000512684343241934,-0.2506628274631
0.10932952708866,0.0557179669254223,-0.2506628274631
0.0796753942905343,0.110923249507603,-0.2506628274631
0.050021261492409,0.166128532089783,-0.2506628274631
0.0203671286942836,0.221333814671963,-0.2506628274631
-0.00928700410384181,0.276539097254144,-0.2506628274631
-0.0389411369019673,0.331744379836324,-0.2506628274631
-0.0685952697000926,0.386949662418504,-0.2506628274631
-0.098249402498218,0.442154945000685,-0.2506628274631
-0.0455533805111652,0.47648041454534,-0.2506628274631
-0.0158992477130399,0.421275131963159,-0.2506628274631
0.0137548850850855,0.366069849380979,-0.2506628274631
0.0434090178832109,0.310864566798799,-0.2506628274631
0.0730631506813364,0.255659284216618,-0.2506628274631
0.102717283479462,0.200454001634438,-0.2506628274631
0.132371416277587,0.145248719052257,-0.2506628274631
0.162025549075713,0.0900434364700771,-0.2506628274631
0.191679681873838,0.0348381538878968,-0.2506628274631
0.221333814671963,-0.0203671286942836,-0.2506628274631
0.250987947470089,-0.0755724112764639,-0.2506628274631
0.280642080268214,-0.130777693858644,-0.2506628274631
0.310296213066339,-0.185982976440825,-0.2506628274631
0.339950345864465,-0.241188259023005,-0.2506628274631
0.36960447866259,-0.296393541605185,-0.2506628274631
0.397664889041773,-0.216205462971409,-0.2506628274631
0.368010756243647,-0.161000180389229,-0.2506628274631
0.338356623445522,-0.105794897807048,-0.2506628274631
0.308702490647397,-0.050589615224868,-0.2506628274631
0.279048357849271,0.00461566735731236,-0.2506628274631
0.249394225051146,0.0598209499394927,-0.2506628274631
0.21974009225302,0.115026232521673,-0.2506628274631
0.190085959454895,0.170231515103853,-0.2506628274631
0.16043182665677,0.225436797686034,-0.2506628274631
0.130777693858644,0.280642080268214,-0.2506628274631
0.101123561060519,0.335847362850394,-0.2506628274631
0.0714694282623934,0.391052645432575,-0.2506628274631
0.041815295464268,0.446257928014755,-0.2506628274631
0.124165450249446,0.42537811497723,-0.2506628274631
0.153819583047572,0.370172832395049,-0.2506628274631
0.183473715845697,0.314967549812869,-0.2506628274631
0.213127848643822,0.259762267230689,-0.2506628274631
0.242781981441948,0.204556984648508,-0.2506628274631
0.272436114240073,0.149351702066328,-0.2506628274631
0.302090247038199,0.0941464194841476,-0.2506628274631
0.331744379836324,0.0389411369019673,-0.2506628274631
0.361398512634449,-0.0162641456802131,-0.2506628274631
0.391052645432575,-0.0714694282623934,-0.2506628274631
0.4207067782307,-0.126674710844574,-0.2506628274631
0.450360911028826,-0.181879993426754,-0.2506628274631
0.448767188609883,-0.0464866322107976,-0.2506628274631
0.419113055811757,0.00871865037138286,-0.2506628274631
0.389458923013632,0.0639239329535632,-0.2506628274631
0.359804790215507,0.119129215535744,-0.2506628274631
0.330150657417381,0.174334498117924,-0.2506628274631
0.300496524619256,0.229539780700104,-0.2506628274631
0.27084239182113,0.284745063282285,-0.2506628274631
0.241188259023005,0.339950345864465,-0.2506628274631
0.21153412622488,0.395155628446645,-0.2506628274631
0.181879993426754,0.450360911028826,-0.2506628274631
0.293884281010058,0.37427581540912,-0.2506628274631
0.323538413808183,0.319070532826939,-0.2506628274631
0.353192546606309,0.263865250244759,-0.2506628274631
0.382846679404434,0.208659967662579,-0.2506628274631
0.412500812202559,0.153454685080398,-0.2506628274631
0.442154945000685,0.098249402498218,-0.2506628274631
0.47180907779881,0.0430441199160377,-0.2506628274631
0.438659948060425,0.12533141373155,-0.187997120597325
0.5013256549262,0.187997120597325,-0.12533141373155
0.438659948060425,0.12533141373155,-0.187997120597325
0.518432949805266,0.259216474902633,-0.2506628274631
0.467540275114155,0.374032220091324,-0.187997120597325
0.363352892056807,0.304025127229089,-0.187997120597325
0.307542124431342,0.33252335584147,-0.187997120597325
0.251731356805876,0.36102158445385,-0.187997120597325
0.19592058918041,0.38951981306623,-0.187997120597325
0.140109821554944,0.41801804167861,-0.187997120597325
0.0842990539294781,0.446516270290991,-0.187997120597325
0.0284882863040123,0.475014498903371,-0.187997120597325
-0.106908906141017,0.473788737708445,-0.187997120597325
-0.0510981385155506,0.445290509096064,-0.187997120597325
0.00471262910991521,0.416792280483684,-0.187997120597325
0.0605233967353811,0.388294051871304,-0.187997120597325
0.116334164360847,0.359795823258923,-0.187997120597325
0.172144931986313,0.331297594646543,-0.187997120597325
0.227955699611779,0.302799366034163,-0.187997120597325
0.283766467237245,0.274301137421782,-0.187997120597325
0.33957723486271,0.245802908809402,-0.187997120597325
0.395388002488176,0.217304680197022,-0.187997120597325
0.451198770113642,0.188806451584642,-0.187997120597325
0.473788737708445,0.106908906141017,-0.187997120597325
0.417977970082979,0.135407134753397,-0.187997120597325
0.362167202457513,0.163905363365777,-0.187997120597325
0.306356434832047,0.192403591978158,-0.187997120597325
0.250545667206581,0.220901820590538,-0.187997120597325
0.194734899581115,0.249400049202918,-0.187997120597325
0.138924131955649,0.277898277815298,-0.187997120597325
0.0831133643301834,0.306396506427679,-0.187997120597325
0.0273025967047175,0.334894735040059,-0.187997120597325
-0.0285081709207483,0.363392963652439,-0.187997120597325
-0.0843189385462143,0.39189119226482,-0.187997120597325
-0.14012970617168,0.4203894208772,-0.187997120597325
-0.195940473797146,0.44888764948958,-0.187997120597325
-0.2506628274631,0.37599424119465,-0.12533141373155
-0.326498634830201,0.544164391383669,-0.062665706865775
-0.2506628274631,0.37599424119465,-0.12533141373155
-0.219716130991243,0.390665431069893,-0.187997120597325
-0.163905363365777,0.362167202457513,-0.187997120597325
-0.108094595740311,0.333668973845132,-0.187997120597325
-0.0522838281148454,0.305170745232752,-0.187997120597325
0.00352693951062044,0.276672516620372,-0.187997120597325
0.0593377071360863,0.248174288007991,-0.187997120597325
0.115148474761552,0.219676059395611,-0.187997120597325
0.170959242387018,0.191177830783231,-0.187997120597325
0.226770010012484,0.162679602170851,-0.187997120597325
0.28258077763795,0.13418137355847,-0.187997120597325
0.338391545263416,0.10568314494609,-0.187997120597325
0.394202312888882,0.0771849163337097,-0.187997120597325
0.450013080514347,0.0486866877213294,-0.187997120597325
0.47260304810915,-0.0332108577222955,-0.187997120597325
0.416792280483684,-0.00471262910991521,-0.187997120597325
0.360981512858218,0.0237855995024651,-0.187997120597325
0.305170745232752,0.0522838281148454,-0.187997120597325
0.249359977607286,0.0807820567272257,-0.187997120597325
0.19354920998182,0.109280285339606,-0.187997120597325
0.137738442356354,0.137778513951986,-0.187997120597325
0.0819276747308886,0.166276742564367,-0.187997120597325
0.0261169071054228,0.194774971176747,-0.187997120597325
-0.0296938605200431,0.223273199789127,-0.187997120597325
-0.085504628145509,0.251771428401508,-0.187997120597325
-0.141315395770975,0.280269657013888,-0.187997120597325
-0.197126163396441,0.308767885626268,-0.187997120597325
-0.252936931021907,0.337266114238648,-0.187997120597325
-0.308747698647373,0.365764342851029,-0.187997120597325
-0.33252335584147,0.307542124431342,-0.187997120597325
-0.276712588216004,0.279043895818961,-0.187997120597325
-0.220901820590538,0.250545667206581,-0.187997120597325
-0.165091052965072,0.222047438594201,-0.187997120597325
-0.109280285339606,0.19354920998182,-0.187997120597325
-0.0534695177141402,0.16505098136944,-0.187997120597325
0.00234124991132571,0.13655275275706,-0.187997120597325
0.0581520175367916,0.108054524144679,-0.187997120597325
0.113962785162257,0.0795562955322992,-0.187997120597325
0.169773552787723,0.0510580669199189,-0.187997120597325
0.225584320413189,0.0225598383075386,-0.187997120597325
0.281395088038655,-0.00593839030484176,-0.187997120597325
0.337205855664121,-0.0344366189172221,-0.187997120597325
0.393016623289587,-0.0629348475296024,-0.187997120597325
0.448827390915053,-0.0914330761419827,-0.187997120597325
0.415606590884389,-0.144832392973227,-0.187997120597325
0.359795823258923,-0.116334164360847,-0.187997120597325
0.303985055633457,-0.0878359357484666,-0.187997120597325
0.248174288007991,-0.0593377071360863,-0.187997120597325
0.192363520382526,-0.030839478523706,-0.187997120597325
0.13655275275706,-0.00234124991132571,-0.187997120597325
0.0807419851315939,0.0261569787010546,-0.187997120597325
0.024931217506128,0.0546552073134349,-0.187997120597325
-0.0308795501193378,0.0831534359258152,-0.187997120597325
-0.0866903177448037,0.111651664538195,-0.187997120597325
-0.14250108537027,0.140149893150576,-0.187997120597325
-0.198311852995736,0.168648121762956,-0.187997120597325
-0.254122620621201,0.197146350375336,-0.187997120597325
-0.309933388246667,0.225644578987717,-0.187997120597325
-0.365744155872133,0.254142807600097,-0.187997120597325
-0.38951981306623,0.19592058918041,-0.187997120597325
-0.333709045440764,0.16742236056803,-0.187997120597325
-0.277898277815298,0.138924131955649,-0.187997120597325
-0.222087510189832,0.110425903343269,-0.187997120597325
-0.166276742564367,0.0819276747308886,-0.187997120597325
-0.110465974938901,0.0534294461185083,-0.187997120597325
-0.0546552073134349,0.024931217506128,-0.187997120597325
0.00115556031203098,-0.00356701110625226,-0.187997120597325
0.0569663279374968,-0.0320652397186326,-0.187997120597325
0.112777095562963,-0.0605634683310128,-0.187997120597325
0.168587863188429,-0.0890616969433932,-0.187997120597325
0.224398630813895,-0.117559925555773,-0.187997120597325
0.28020939843936,-0.146058154168154,-0.187997120597325
0.336020166064826,-0.174556382780534,-0.187997120597325
0.391830933690292,-0.203054611392914,-0.187997120597325
0.467540275114155,-0.374032220091324,-0.2506628274631
0.37599424119465,-0.313328534328875,-0.187997120597325
0.313328534328875,-0.37599424119465,-0.2506628274631
0.374032220091324,-0.467540275114155,-0.313328534328875
0.467540275114155,-0.374032220091324,-0.37599424119465
0.518432949805266,-0.259216474902633,-0.438659948060425
0.615148156556384,-0.246059262622554,-0.5013256549262
0.610399682637494,-0.101733280439582,-0.563991361791975
0.561340051939575,-3.55179822698191e-17,-0.5013256549262
0.5013256549262,-0.062665706865775,-0.438659948060425
0.438659948060425,-0.12533141373155,-0.37599424119465
0.610399682637494,-0.101733280439582,-0.438659948060425
0.615148156556384,-0.246059262622554,-0.37599424119465
0.518432949805266,-0.259216474902633,-0.313328534328875
0.438659948060425,-0.2506628274631,-0.2506628274631
0.358610133659629,-0.256453928224159,-0.187997120597325
0.302799366034163,-0.227955699611779,-0.187997120597325
0.246988598408697,-0.199457470999398,-0.187997120597325
0.191177830783231,-0.170959242387018,-0.187997120597325
0.135367063157765,-0.142461013774638,-0.187997120597325
0.0795562955322992,-0.113962785162257,-0.187997120597325
0.0237455279068333,-0.0854645565498771,-0.187997120597325
-0.0320652397186326,-0.0569663279374968,-0.187997120597325
-0.0878760073440984,-0.0284680993251166,-0.187997120597325
-0.143686774969564,3.01292872637374e-05,-0.187997120597325
-0.19949754259503,0.028528357899644,-0.187997120597325
-0.255308310220496,0.0570265865120244,-0.187997120597325
-0.311119077845962,0.0855248151244047,-0.187997120597325
-0.366929845471428,0.114023043736785,-0.187997120597325
-0.422740613096894,0.142521272349165,-0.187997120597325
-0.446516270290991,0.0842990539294781,-0.187997120597325
-0.390705502665525,0.0558008253170978,-0.187997120597325
-0.334894735040059,0.0273025967047175,-0.187997120597325
-0.279083967414593,-0.00119563190766281,-0.187997120597325
-0.223273199789127,-0.0296938605200431,-0.187997120597325
-0.167462432163661,-0.0581920891324234,-0.187997120597325
-0.111651664538195,-0.0866903177448037,-0.187997120597325
-0.0558408969127296,-0.115188546357184,-0.187997120597325
-3.01292872637374e-05,-0.143686774969564,-0.187997120597325
0.0557806383382021,-0.172185003581945,-0.187997120597325
0.111591405963668,-0.200683232194325,-0.187997120597325
0.167402173589134,-0.229181460806705,-0.187997120597325
0.2232129412146,-0.257679689419086,-0.187997120597325
0.279023708840066,-0.286177918031466,-0.187997120597325
0.334834476465532,-0.314676146643846,-0.187997120597325
0.301613676434868,-0.368075463475091,-0.187997120597325
0.245802908809402,-0.33957723486271,-0.187997120597325
0.189992141183936,-0.31107900625033,-0.187997120597325
0.13418137355847,-0.28258077763795,-0.187997120597325
0.0783706059330044,-0.254082549025569,-0.187997120597325
0.0225598383075386,-0.225584320413189,-0.187997120597325
-0.0332509293179273,-0.197086091800809,-0.187997120597325
-0.0890616969433932,-0.168587863188429,-0.187997120597325
-0.144872464568859,-0.140089634576048,-0.187997120597325
-0.200683232194325,-0.111591405963668,-0.187997120597325
-0.256493999819791,-0.0830931773512877,-0.187997120597325
-0.312304767445257,-0.0545949487389074,-0.187997120597325
-0.368115535070723,-0.0260967201265271,-0.187997120597325
-0.423926302696188,0.00240150848585324,-0.187997120597325
-0.479737070321654,0.0308997370982335,-0.187997120597325
-0.447701959890286,-0.055820709933834,-0.187997120597325
-0.39189119226482,-0.0843189385462143,-0.187997120597325
-0.336080424639354,-0.112817167158595,-0.187997120597325
-0.280269657013888,-0.141315395770975,-0.187997120597325
-0.224458889388422,-0.169813624383355,-0.187997120597325
-0.168648121762956,-0.198311852995736,-0.187997120597325
-0.11283735413749,-0.226810081608116,-0.187997120597325
-0.0570265865120244,-0.255308310220496,-0.187997120597325
-0.00121581888655851,-0.283806538832876,-0.187997120597325
0.0545949487389074,-0.312304767445257,-0.187997120597325
0.110405716364373,-0.340802996057637,-0.187997120597325
0.166216483989839,-0.369301224670017,-0.187997120597325
0.222027251615305,-0.397799453282398,-0.187997120597325
0.188806451584642,-0.451198770113642,-0.187997120597325
0.132995683959176,-0.422700541501262,-0.187997120597325
0.0771849163337097,-0.394202312888882,-0.187997120597325
0.0213741487082438,-0.365704084276501,-0.187997120597325
-0.0344366189172221,-0.337205855664121,-0.187997120597325
-0.0902473865426879,-0.308707627051741,-0.187997120597325
-0.146058154168154,-0.28020939843936,-0.187997120597325
-0.20186892179362,-0.25171116982698,-0.187997120597325
-0.257679689419086,-0.2232129412146,-0.187997120597325
-0.313490457044551,-0.19471471260222,-0.187997120597325
-0.369301224670017,-0.166216483989839,-0.187997120597325
-0.425111992295483,-0.137718255377459,-0.187997120597325
-0.44888764948958,-0.195940473797146,-0.187997120597325
-0.393076881864114,-0.224438702409526,-0.187997120597325
-0.337266114238648,-0.252936931021907,-0.187997120597325
-0.281455346613183,-0.281435159634287,-0.187997120597325
-0.225644578987717,-0.309933388246667,-0.187997120597325
-0.169833811362251,-0.338431616859048,-0.187997120597325
-0.114023043736785,-0.366929845471428,-0.187997120597325
-0.0582122761113191,-0.395428074083808,-0.187997120597325
-0.00240150848585324,-0.423926302696188,-0.187997120597325
0.0534092591396127,-0.452424531308569,-0.187997120597325
-0.0356223085165168,-0.477325619527433,-0.187997120597325
-0.0914330761419827,-0.448827390915053,-0.187997120597325
-0.147243843767449,-0.420329162302672,-0.187997120597325
-0.203054611392914,-0.391830933690292,-0.187997120597325
-0.25886537901838,-0.363332705077912,-0.187997120597325
-0.314676146643846,-0.334834476465532,-0.187997120597325
-0.370486914269312,-0.306336247853151,-0.187997120597325
-0.467540275114155,-0.374032220091324,-0.12533141373155
-0.5493371725369,-0.412002879402675,-0.062665706865775
-0.412002879402675,-0.5493371725369,-0.12533141373155
-0.5493371725369,-0.412002879402675,-0.062665706865775
-0.412002879402675,-0.5493371725369,-2.77555756156289e-17
-0.374032220091324,-0.467540275114155,-0.062665706865775
-0.313328534328875,-0.37599424119465,-0.12533141373155
-0.2506628274631,-0.438659948060425,-0.062665706865775
-0.187997120597325,-0.5013256549262,-2.77555756156289e-17
-0.12533141373155,-0.438659948060425,-0.062665706865775
-0.0626657068657751,-0.5013256549262,-0.12533141373155
-0.12533141373155,-0.438659948060425,-0.187997120597325
-0.187997120597325,-0.5013256549262,-0.2506628274631
-0.2506628274631,-0.438659948060425,-0.187997120597325
-0.313328534328875,-0.5013256549262,-0.12533141373155
-0.2506628274631,-0.438659948060425,-0.062665706865775
-0.313328534328875,-0.37599424119465,-0.12533141373155
-0.2506628274631,-0.438659948060425,-0.187997120597325
-0.259216474902633,-0.518432949805266,-0.12533141373155
-0.130144819320314,-0.462779403601356,-0.12533141373155
-0.0680379143769174,-0.454429363161983,-0.12533141373155
-0.00593100943352108,-0.446079322722609,-0.12533141373155
0.0561758955098753,-0.437729282283236,-0.12533141373155
0.118282800453272,-0.429379241843863,-0.12533141373155
0.180389705396668,-0.42102920140449,-0.12533141373155
0.242496610340064,-0.412679160965117,-0.12533141373155
0.363615715032683,-0.333165615029249,-0.12533141373155
0.301508810089287,-0.341515655468623,-0.12533141373155
0.23940190514589,-0.349865695907996,-0.12533141373155
0.177295000202494,-0.358215736347369,-0.12533141373155
0.115188095259097,-0.366565776786742,-0.12533141373155
0.053081190315701,-0.374915817226116,-0.12533141373155
-0.00902571462769537,-0.383265857665489,-0.12533141373155
-0.0711326195710917,-0.391615898104862,-0.12533141373155
-0.133239524514488,-0.399965938544235,-0.12533141373155
-0.195346429457884,-0.408315978983608,-0.12533141373155
-0.257453334401281,-0.416666019422982,-0.12533141373155
-0.333165615029249,-0.363615715032683,-0.12533141373155
-0.271058710085853,-0.35526567459331,-0.12533141373155
-0.208951805142457,-0.346915634153936,-0.12533141373155
-0.14684490019906,-0.338565593714563,-0.12533141373155
-0.0847379952556639,-0.33021555327519,-0.12533141373155
-0.0226310903122675,-0.321865512835817,-0.12533141373155
0.0394758146311288,-0.313515472396444,-0.12533141373155
0.101582719574525,-0.30516543195707,-0.12533141373155
0.163689624517922,-0.296815391517697,-0.12533141373155
0.225796529461318,-0.288465351078324,-0.12533141373155
0.287903434404714,-0.280115310638951,-0.12533141373155
0.350010339348111,-0.271765270199577,-0.12533141373155
0.412117244291507,-0.263415229760204,-0.12533141373155
0.409022539097333,-0.200601764703083,-0.12533141373155
0.346915634153936,-0.208951805142457,-0.12533141373155
0.28480872921054,-0.21730184558183,-0.12533141373155
0.222701824267144,-0.225651886021203,-0.12533141373155
0.160594919323747,-0.234001926460576,-0.12533141373155
0.0984880143803509,-0.24235196689995,-0.12533141373155
0.0363811094369545,-0.250702007339323,-0.12533141373155
-0.0257257955064418,-0.259052047778696,-0.12533141373155
-0.0878327004498382,-0.267402088218069,-0.12533141373155
-0.149939605393235,-0.275752128657442,-0.12533141373155
-0.212046510336631,-0.284102169096816,-0.12533141373155
-0.274153415280027,-0.292452209536189,-0.12533141373155
-0.336260320223424,-0.300802249975562,-0.12533141373155
-0.411972600851392,-0.247751945585263,-0.12533141373155
-0.349865695907996,-0.23940190514589,-0.12533141373155
-0.2877587909646,-0.231051864706517,-0.12533141373155
-0.225651886021203,-0.222701824267144,-0.12533141373155
-0.163544981077807,-0.21435178382777,-0.12533141373155
-0.10143807613441,-0.206001743388397,-0.12533141373155
-0.039331171191014,-0.197651702949024,-0.12533141373155
0.0227757337523824,-0.189301662509651,-0.12533141373155
0.0848826386957787,-0.180951622070277,-0.12533141373155
0.146989543639175,-0.172601581630904,-0.12533141373155
0.209096448582571,-0.164251541191531,-0.12533141373155
0.271203353525968,-0.155901500752158,-0.12533141373155
0.333310258469364,-0.147551460312785,-0.12533141373155
0.395417163412761,-0.139201419873411,-0.12533141373155
0.457524068356157,-0.130851379434038,-0.12533141373155
0.454429363161983,-0.0680379143769174,-0.12533141373155
0.392322458218586,-0.0763879548162907,-0.12533141373155
0.33021555327519,-0.0847379952556639,-0.12533141373155
0.268108648331794,-0.0930880356950371,-0.12533141373155
0.206001743388397,-0.10143807613441,-0.12533141373155
0.143894838445001,-0.109788116573784,-0.12533141373155
0.0817879335016044,-0.118138157013157,-0.12533141373155
0.0196810285582081,-0.12648819745253,-0.12533141373155
-0.0424258763851883,-0.134838237891903,-0.12533141373155
-0.104532781328585,-0.143188278331276,-0.12533141373155
-0.166639686271981,-0.15153831877065,-0.12533141373155
-0.228746591215377,-0.159888359210023,-0.12533141373155
-0.290853496158774,-0.168238399649396,-0.12533141373155
-0.35296040110217,-0.176588440088769,-0.12533141373155
-0.415067306045567,-0.184938480528143,-0.12533141373155
-0.428672681730139,-0.123538135698471,-0.12533141373155
-0.366565776786742,-0.115188095259097,-0.12533141373155
-0.304458871843346,-0.106838054819724,-0.12533141373155
-0.24235196689995,-0.0984880143803509,-0.12533141373155
-0.180245061956553,-0.0901379739409777,-0.12533141373155
-0.118138157013157,-0.0817879335016044,-0.12533141373155
-0.0560312520697604,-0.0734378930622312,-0.12533141373155
0.00607565287363594,-0.065087852622858,-0.12533141373155
0.0681825578170323,-0.0567378121834848,-0.12533141373155
0.130289462760429,-0.0483877717441116,-0.12533141373155
0.192396367703825,-0.0400377313047383,-0.12533141373155
0.254503272647221,-0.0316876908653651,-0.12533141373155
0.316610177590618,-0.0233376504259919,-0.12533141373155
0.378717082534014,-0.0149876099866187,-0.12533141373155
0.440823987477411,-0.00663756954724545,-0.12533141373155
0.437729282283236,0.0561758955098753,-0.12533141373155
0.37562237733984,0.0478258550705021,-0.12533141373155
0.313515472396444,0.0394758146311288,-0.12533141373155
0.251408567453047,0.0311257741917556,-0.12533141373155
0.189301662509651,0.0227757337523824,-0.12533141373155
0.127194757566254,0.0144256933130092,-0.12533141373155
0.065087852622858,0.00607565287363594,-0.12533141373155
0.00298094767946164,-0.00227438756573728,-0.12533141373155
-0.0591259572639347,-0.0106244280051105,-0.12533141373155
-0.121232862207331,-0.0189744684444837,-0.12533141373155
-0.183339767150727,-0.0273245088838569,-0.12533141373155
-0.245446672094124,-0.0356745493232302,-0.12533141373155
-0.30755357703752,-0.0440245897626034,-0.12533141373155
-0.369660481980917,-0.0523746302019766,-0.12533141373155
-0.431767386924313,-0.0607246706413498,-0.12533141373155
-0.445372762608885,0.000675674188322151,-0.12533141373155
-0.383265857665489,0.00902571462769537,-0.12533141373155
-0.321158952722092,0.0173757550670686,-0.12533141373155
-0.259052047778696,0.0257257955064418,-0.12533141373155
-0.1969451428353,0.0340758359458151,-0.12533141373155
-0.134838237891903,0.0424258763851883,-0.12533141373155
-0.0727313329485069,0.0507759168245615,-0.12533141373155
-0.0106244280051105,0.0591259572639347,-0.12533141373155
0.0514824769382859,0.0674759977033079,-0.12533141373155
0.113589381881682,0.0758260381426812,-0.12533141373155
0.175696286825079,0.0841760785820544,-0.12533141373155
0.237803191768475,0.0925261190214276,-0.12533141373155
0.299910096711871,0.100876159460801,-0.12533141373155
0.362017001655268,0.109226199900174,-0.12533141373155
0.424123906598664,0.117576240339547,-0.12533141373155
0.42102920140449,0.180389705396668,-0.12533141373155
0.358922296461093,0.172039664957295,-0.12533141373155
0.296815391517697,0.163689624517922,-0.12533141373155
0.234708486574301,0.155339584078548,-0.12533141373155
0.172601581630904,0.146989543639175,-0.12533141373155
0.110494676687508,0.138639503199802,-0.12533141373155
0.0483877717441116,0.130289462760429,-0.12533141373155
-0.0137191331992848,0.121939422321055,-0.12533141373155
-0.0758260381426812,0.113589381881682,-0.12533141373155
-0.137932943086078,0.105239341442309,-0.12533141373155
-0.200039848029474,0.0968893010029358,-0.12533141373155
-0.26214675297287,0.0885392605635626,-0.12533141373155
-0.324253657916267,0.0801892201241893,-0.12533141373155
-0.386360562859663,0.0718391796848161,-0.12533141373155
-0.448467467803059,0.0634891392454429,-0.12533141373155
-0.462072843487632,0.124889484075115,-0.12533141373155
-0.399965938544235,0.133239524514488,-0.12533141373155
-0.337859033600839,0.141589564953861,-0.12533141373155
-0.275752128657442,0.149939605393235,-0.12533141373155
-0.213645223714046,0.158289645832608,-0.12533141373155
-0.15153831877065,0.166639686271981,-0.12533141373155
-0.0894314138272533,0.174989726711354,-0.12533141373155
-0.0273245088838569,0.183339767150727,-0.12533141373155
0.0347823960595394,0.191689807590101,-0.12533141373155
0.0968893010029358,0.200039848029474,-0.12533141373155
0.158996205946332,0.208389888468847,-0.12533141373155
0.221103110889728,0.21673992890822,-0.12533141373155
0.283210015833125,0.225089969347594,-0.12533141373155
0.345316920776521,0.233440009786967,-0.12533141373155
0.407423825719918,0.24179005022634,-0.12533141373155
0.342222215582347,0.296253474844087,-0.12533141373155
0.280115310638951,0.287903434404714,-0.12533141373155
0.218008405695554,0.279553393965341,-0.12533141373155
0.155901500752158,0.271203353525968,-0.12533141373155
0.0937945958087615,0.262853313086595,-0.12533141373155
0.0316876908653651,0.254503272647221,-0.12533141373155
-0.0304192140780312,0.246153232207848,-0.12533141373155
-0.0925261190214276,0.237803191768475,-0.12533141373155
-0.154633023964824,0.229453151329102,-0.12533141373155
-0.21673992890822,0.221103110889728,-0.12533141373155
-0.278846833851617,0.212753070450355,-0.12533141373155
-0.340953738795013,0.204403030010982,-0.12533141373155
-0.403060643738409,0.196052989571609,-0.12533141373155
-0.416666019422982,0.257453334401281,-0.12533141373155
-0.354559114479585,0.265803374840654,-0.12533141373155
-0.292452209536189,0.274153415280027,-0.12533141373155
-0.230345304592792,0.282503455719401,-0.12533141373155
-0.168238399649396,0.290853496158774,-0.12533141373155
-0.106131494706,0.299203536598147,-0.12533141373155
-0.0440245897626034,0.30755357703752,-0.12533141373155
0.018082315180793,0.315903617476893,-0.12533141373155
0.0801892201241893,0.324253657916267,-0.12533141373155
0.142296125067586,0.33260369835564,-0.12533141373155
0.204403030010982,0.340953738795013,-0.12533141373155
0.266509934954378,0.349303779234386,-0.12533141373155
0.328616839897775,0.35765381967376,-0.12533141373155
0.263415229760204,0.412117244291507,-0.12533141373155
0.201308324816808,0.403767203852134,-0.12533141373155
0.139201419873411,0.395417163412761,-0.12533141373155
0.077094514930015,0.387067122973387,-0.12533141373155
0.0149876099866187,0.378717082534014,-0.12533141373155
-0.0471192949567777,0.370367042094641,-0.12533141373155
-0.109226199900174,0.362017001655268,-0.12533141373155
-0.17133310484357,0.353666961215895,-0.12533141373155
-0.233440009786967,0.345316920776521,-0.12533141373155
-0.295546914730363,0.336966880337148,-0.12533141373155
-0.35765381967376,0.328616839897775,-0.12533141373155
-0.247045385471539,0.406717265606193,-0.12533141373155
-0.184938480528143,0.415067306045567,-0.12533141373155
-0.122831575584746,0.42341734648494,-0.12533141373155
-0.0607246706413498,0.431767386924313,-0.12533141373155
0.00138223430204652,0.440117427363686,-0.12533141373155
0.0634891392454429,0.448467467803059,-0.12533141373155
0.125596044188839,0.456817508242433,-0.12533141373155
0.101733280439582,0.610399682637494,-0.062665706865775
-0.337987712114373,0.366670749226617,-0.062665706865775
-0.430748947024976,0.197261113222003,-0.062665706865775
-0.384446909344398,0.239488025536468,-0.062665706865775
-0.338144871663819,0.281714937850933,-0.062665706865775
-0.29184283398324,0.323941850165397,-0.062665706865775
-0.245540796302661,0.366168762479862,-0.062665706865775
-0.199238758622082,0.408395674794327,-0.062665706865775
-0.152936720941504,0.450622587108792,-0.062665706865775
-0.0220236990825491,0.485201235437783,-0.062665706865775
-0.068325736763128,0.442974323123319,-0.062665706865775
-0.114627774443707,0.400747410808854,-0.062665706865775
-0.160929812124286,0.358520498494389,-0.062665706865775
-0.207231849804864,0.316293586179924,-0.062665706865775
-0.253533887485443,0.274066673865459,-0.062665706865775
-0.299835925166022,0.231839761550995,-0.062665706865775
-0.346137962846601,0.18961284923653,-0.062665706865775
-0.39244000052718,0.147385936922065,-0.062665706865775
-0.438742038207759,0.1051590246076,-0.062665706865775
-0.485044075888337,0.0629321122931352,-0.062665706865775
-0.485201235437783,-0.0220236990825491,-0.062665706865775
-0.438899197757205,0.0202032132319157,-0.062665706865775
-0.392597160076626,0.0624301255463806,-0.062665706865775
-0.346295122396047,0.104657037860845,-0.062665706865775
-0.299993084715468,0.14688395017531,-0.062665706865775
-0.253691047034889,0.189110862489775,-0.062665706865775
-0.20738900935431,0.23133777480424,-0.062665706865775
-0.161086971673732,0.273564687118705,-0.062665706865775
-0.114784933993153,0.315791599433169,-0.062665706865775
-0.068482896312574,0.358018511747634,-0.062665706865775
-0.0221808586319951,0.400245424062099,-0.062665706865775
0.0241211790485837,0.442472336376564,-0.062665706865775
0.0704232167291625,0.484699248691029,-0.062665706865775
0.108732163226959,0.43482407239109,-0.062665706865775
0.0624301255463806,0.392597160076626,-0.062665706865775
0.0161280878658017,0.350370247762161,-0.062665706865775
-0.0301739498147771,0.308143335447696,-0.062665706865775
-0.0764759874953559,0.265916423133231,-0.062665706865775
-0.122778025175935,0.223689510818766,-0.062665706865775
-0.169080062856514,0.181462598504302,-0.062665706865775
-0.215382100537092,0.139235686189837,-0.062665706865775
-0.261684138217671,0.097008773875372,-0.062665706865775
-0.30798617589825,0.0547818615609072,-0.062665706865775
-0.354288213578829,0.0125549492464423,-0.062665706865775
-0.400590251259408,-0.0296719630680225,-0.062665706865775
-0.446892288939987,-0.0718988753824873,-0.062665706865775
-0.447049448489433,-0.156854686758172,-0.062665706865775
-0.400747410808854,-0.114627774443707,-0.062665706865775
-0.354445373128275,-0.072400862129242,-0.062665706865775
-0.308143335447696,-0.0301739498147771,-0.062665706865775
-0.261841297767117,0.0120529624996877,-0.062665706865775
-0.215539260086538,0.0542798748141525,-0.062665706865775
-0.16923722240596,0.0965067871286173,-0.062665706865775
-0.122935184725381,0.138733699443082,-0.062665706865775
-0.0766331470448019,0.180960611757547,-0.062665706865775
-0.0303311093642231,0.223187524072012,-0.062665706865775
0.0159709283163557,0.265414436386477,-0.062665706865775
0.0622729659969346,0.307641348700941,-0.062665706865775
0.108575003677513,0.349868261015406,-0.062665706865775
0.154877041358092,0.392095173329871,-0.062665706865775
0.201179079038671,0.434322085644336,-0.062665706865775
0.239488025536468,0.384446909344398,-0.062665706865775
0.193185987855889,0.342219997029933,-0.062665706865775
0.14688395017531,0.299993084715468,-0.062665706865775
0.100581912494731,0.257766172401003,-0.062665706865775
0.0542798748141525,0.215539260086538,-0.062665706865775
0.00797783713357372,0.173312347772074,-0.062665706865775
-0.0383242005470051,0.131085435457609,-0.062665706865775
-0.0846262382275839,0.0888585231431439,-0.062665706865775
-0.130928275908163,0.0466316108286791,-0.062665706865775
-0.177230313588742,0.00440469851421434,-0.062665706865775
-0.22353235126932,-0.0378222138002505,-0.062665706865775
-0.269834388949899,-0.0800491261147153,-0.062665706865775
-0.316136426630478,-0.12227603842918,-0.062665706865775
-0.362438464311057,-0.164502950743645,-0.062665706865775
-0.408740501991636,-0.20672986305811,-0.062665706865775
-0.37599424119465,-0.2506628274631,-0.12533141373155
-0.362595623860503,-0.249458762119329,-0.062665706865775
-0.316293586179924,-0.207231849804864,-0.062665706865775
-0.269991548499345,-0.1650049374904,-0.062665706865775
-0.223689510818766,-0.122778025175935,-0.062665706865775
-0.177387473138188,-0.0805511128614699,-0.062665706865775
-0.131085435457609,-0.0383242005470051,-0.062665706865775
-0.0847833977770299,0.00390271176745971,-0.062665706865775
-0.0384813600964511,0.0461296240819245,-0.062665706865775
0.00782067758412769,0.0883565363963893,-0.062665706865775
0.0541227152647065,0.130583448710854,-0.062665706865775
0.100424752945285,0.172810361025319,-0.062665706865775
0.146726790625864,0.215037273339784,-0.062665706865775
0.193028828306443,0.257264185654249,-0.062665706865775
0.239330865987022,0.299491097968713,-0.062665706865775
0.285632903667601,0.341718010283178,-0.062665706865775
0.370243887845976,0.334069746297705,-0.062665706865775
0.323941850165397,0.29184283398324,-0.062665706865775
0.277639812484819,0.249615921668775,-0.062665706865775
0.23133777480424,0.20738900935431,-0.062665706865775
0.185035737123661,0.165162097039846,-0.062665706865775
0.138733699443082,0.122935184725381,-0.062665706865775
0.0924316617625033,0.0807082724109159,-0.062665706865775
0.0461296240819245,0.0384813600964511,-0.062665706865775
-0.000172413598654301,-0.00374555221801368,-0.062665706865775
-0.0464744512792331,-0.0459724645324785,-0.062665706865775
-0.0927764889598119,-0.0881993768469433,-0.062665706865775
-0.139078526640391,-0.130426289161408,-0.062665706865775
-0.18538056432097,-0.172653201475873,-0.062665706865775
-0.231682602001548,-0.214880113790338,-0.062665706865775
-0.277984639682127,-0.257107026104803,-0.062665706865775
-0.324286677362706,-0.299333938419267,-0.062665706865775
-0.278141799231573,-0.342062837480487,-0.062665706865775
-0.231839761550995,-0.299835925166022,-0.062665706865775
-0.185537723870416,-0.257609012851557,-0.062665706865775
-0.139235686189837,-0.215382100537092,-0.062665706865775
-0.092933648509258,-0.173155188222628,-0.062665706865775
-0.0466316108286791,-0.130928275908163,-0.062665706865775
-0.00032957314810033,-0.0887013635936979,-0.062665706865775
0.0459724645324785,-0.0464744512792331,-0.062665706865775
0.0922745022130573,-0.00424753896476831,-0.062665706865775
0.138576539893636,0.0379793733496965,-0.062665706865775
0.184878577574215,0.0802062856641613,-0.062665706865775
0.231180615254794,0.122433197978626,-0.062665706865775
0.277482652935373,0.164660110293091,-0.062665706865775
0.323784690615951,0.206887022607556,-0.062665706865775
0.37008672829653,0.249113934922021,-0.062665706865775
0.408395674794327,0.199238758622082,-0.062665706865775
0.362093637113748,0.157011846307618,-0.062665706865775
0.315791599433169,0.114784933993153,-0.062665706865775
0.269489561752591,0.0725580216786879,-0.062665706865775
0.223187524072012,0.0303311093642231,-0.062665706865775
0.176885486391433,-0.0118958029502417,-0.062665706865775
0.130583448710854,-0.0541227152647065,-0.062665706865775
0.0842814110302753,-0.0963496275791713,-0.062665706865775
0.0379793733496965,-0.138576539893636,-0.062665706865775
-0.00832266433088232,-0.180803452208101,-0.062665706865775
-0.0546247020114611,-0.223030364522566,-0.062665706865775
-0.10092673969204,-0.265257276837031,-0.062665706865775
-0.147228777372619,-0.307484189151495,-0.062665706865775
-0.193530815053198,-0.34971110146596,-0.062665706865775
-0.239832852733776,-0.391938013780425,-0.062665706865775
-0.193687974602644,-0.434666912841644,-0.062665706865775
-0.147385936922065,-0.39244000052718,-0.062665706865775
-0.101083899241486,-0.350213088212715,-0.062665706865775
-0.0547818615609072,-0.30798617589825,-0.062665706865775
-0.00847982388032836,-0.265759263583785,-0.062665706865775
0.0378222138002505,-0.22353235126932,-0.062665706865775
0.0841242514808293,-0.181305438954856,-0.062665706865775
0.130426289161408,-0.139078526640391,-0.062665706865775
0.176728326841987,-0.0968516143259259,-0.062665706865775
0.223030364522566,-0.0546247020114611,-0.062665706865775
0.269332402203145,-0.0123977896969963,-0.062665706865775
0.315634439883723,0.0298291226174685,-0.062665706865775
0.361936477564302,0.0720560349319334,-0.062665706865775
0.408238515244881,0.114282947246398,-0.062665706865775
0.45454055292546,0.156509859560863,-0.062665706865775
0.446547461742678,0.0644077709464599,-0.062665706865775
0.400245424062099,0.0221808586319951,-0.062665706865775
0.35394338638152,-0.0200460536824698,-0.062665706865775
0.307641348700941,-0.0622729659969346,-0.062665706865775
0.261339311020363,-0.104499878311399,-0.062665706865775
0.215037273339784,-0.146726790625864,-0.062665706865775
0.168735235659205,-0.188953702940329,-0.062665706865775
0.122433197978626,-0.231180615254794,-0.062665706865775
0.0761311602980474,-0.273407527569259,-0.062665706865775
0.0298291226174685,-0.315634439883723,-0.062665706865775
-0.0164729150631104,-0.357861352198188,-0.062665706865775
-0.0627749527436892,-0.400088264512653,-0.062665706865775
-0.109076990424268,-0.442315176827118,-0.062665706865775
-0.0629321122931352,-0.485044075888337,-0.062665706865775
-0.0166300746125564,-0.442817163573873,-0.062665706865775
0.0296719630680225,-0.400590251259408,-0.062665706865775
0.0759740007486013,-0.358363338944943,-0.062665706865775
0.12227603842918,-0.316136426630478,-0.062665706865775
0.168578076109759,-0.273909514316013,-0.062665706865775
0.214880113790338,-0.231682602001548,-0.062665706865775
0.261182151470917,-0.189455689687084,-0.062665706865775
0.307484189151495,-0.147228777372619,-0.062665706865775
0.353786226832074,-0.105001865058154,-0.062665706865775
0.400088264512653,-0.0627749527436892,-0.062665706865775
0.446390302193232,-0.0205480404292243,-0.062665706865775
0.492692339873811,0.0216788718852405,-0.062665706865775
0.484699248691029,-0.0704232167291625,-0.062665706865775
0.43839721101045,-0.112650129043627,-0.062665706865775
0.392095173329871,-0.154877041358092,-0.062665706865775
0.345793135649292,-0.197103953672557,-0.062665706865775
0.299491097968713,-0.239330865987022,-0.062665706865775
0.253189060288135,-0.281557778301487,-0.062665706865775
0.206887022607556,-0.323784690615951,-0.062665706865775
0.160584984926977,-0.366011602930416,-0.062665706865775
0.114282947246398,-0.408238515244881,-0.062665706865775
0.0679809095658193,-0.450465427559346,-0.062665706865775
0.0216788718852405,-0.492692339873811,-0.062665706865775
0.160427825377531,-0.4509674143061,-0.062665706865775
0.20672986305811,-0.408740501991636,-0.062665706865775
0.253031900738689,-0.366513589677171,-0.062665706865775
0.299333938419267,-0.324286677362706,-0.062665706865775
0.345635976099846,-0.282059765048241,-0.062665706865775
0.391938013780425,-0.239832852733776,-0.062665706865775
0.438240051461004,-0.197605940419312,-0.062665706865775
0.5013256549262,-0.12533141373155,0
0.563991361791975,-0.062665706865775,0.062665706865775
0.5013256549262,-2.77555756156289e-17,0
0.563991361791975,0.062665706865775,-0.062665706865775
0.472778583072269,0.0870796289709684,0
0.45875818843023,0.0260024699745913,0
0.444737793788191,-0.0350746890217858,0
0.430717399146152,-0.0961518480181629,0
0.416697004504113,-0.15722900701454,0
0.402676609862074,-0.218306166010917,0
0.388656215220035,-0.279383325007294,0
0.298351895244178,-0.392685449005632,0
0.312372289886217,-0.331608290009255,0
0.326392684528256,-0.270531131012877,0
0.340413079170294,-0.2094539720165,0
0.354433473812333,-0.148376813020123,0
0.368453868454372,-0.0872996540237462,0
0.382474263096411,-0.0262224950273692,0
0.39649465773845,0.0348546639690079,0
0.410515052380489,0.095931822965385,0
0.424535447022528,0.157008981961762,0
0.438555841664567,0.218086140958139,0
0.392685449005632,0.298351895244178,0
0.378665054363593,0.237274736247801,0
0.364644659721554,0.176197577251423,0
0.350624265079515,0.115120418255046,0
0.336603870437476,0.0540432592586692,0
0.322583475795437,-0.00703389973770788,0
0.308563081153398,-0.0681110587340849,0
0.294542686511359,-0.129188217730462,0
0.28052229186932,-0.190265376726839,0
0.266501897227281,-0.251342535723216,0
0.252481502585242,-0.312419694719593,0
0.238461107943203,-0.37349685371597,0
0.224440713301164,-0.434574012712348,0
0.162177182609384,-0.425721818717931,0
0.176197577251423,-0.364644659721554,0
0.190217971893462,-0.303567500725177,0
0.204238366535501,-0.2424903417288,0
0.21825876117754,-0.181413182732422,0
0.232279155819579,-0.120336023736045,0
0.246299550461618,-0.0592588647396683,0
0.260319945103657,0.00181829425670876,0
0.274340339745696,0.0628954532530858,0
0.288360734387735,0.123972612249463,0
0.302381129029774,0.18504977124584,0
0.316401523671813,0.246126930242217,0
0.330421918313852,0.307204089238594,0
0.284551525654916,0.387469843524633,0
0.270531131012877,0.326392684528256,0
0.256510736370838,0.265315525531878,0
0.2424903417288,0.204238366535501,0
0.228469947086761,0.143161207539124,0
0.214449552444722,0.0820840485427471,0
0.200429157802683,0.0210068895463701,0
0.186408763160644,-0.040070269450007,0
0.172388368518605,-0.101147428446384,0
0.158367973876566,-0.162224587442761,0
0.144347579234527,-0.223301746439138,0
0.130327184592488,-0.284378905435515,0
0.116306789950449,-0.345456064431892,0
0.10228639530841,-0.40653322342827,0
0.088266000666371,-0.467610382424647,0
0.0260024699745913,-0.45875818843023,0
0.0400228646166302,-0.397681029433853,0
0.0540432592586692,-0.336603870437476,0
0.0680636539007081,-0.275526711441099,0
0.0820840485427471,-0.214449552444722,0
0.0961044431847861,-0.153372393448345,0
0.110124837826825,-0.0922952344519675,0
0.124145232468864,-0.0312180754555904,0
0.138165627110903,0.0298590835407867,0
0.152186021752942,0.0909362425371638,0
0.166206416394981,0.152013401533541,0
0.18022681103702,0.213090560529918,0
0.194247205679059,0.274167719526295,0
0.208267600321098,0.335244878522672,0
0.222287994963137,0.396322037519049,0
0.162397207662162,0.41551063280871,0
0.148376813020123,0.354433473812333,0
0.134356418378084,0.293356314815956,0
0.120336023736045,0.232279155819579,0
0.106315629094006,0.171201996823202,0
0.0922952344519675,0.110124837826825,0
0.0782748398099285,0.049047678830448,0
0.0642544451678895,-0.0120294801659291,0
0.0502340505258506,-0.0731066391623062,0
0.0362136558838116,-0.134183798158683,0
0.0221932612417727,-0.19526095715506,0
0.00817286659973371,-0.256338116151437,0
-0.00584752804230528,-0.317415275147815,0
-0.0198679226843442,-0.378492434144192,0
-0.0338883173263832,-0.439569593140569,0
-0.0961518480181629,-0.430717399146152,0
-0.0821314533761239,-0.369640240149775,0
-0.0681110587340849,-0.308563081153398,0
-0.054090664092046,-0.247485922157021,0
-0.040070269450007,-0.186408763160644,0
-0.0260498748079681,-0.125331604164267,0
-0.0120294801659291,-0.0642544451678895,0
0.00199091447610986,-0.00317728617151246,0
0.0160113091181488,0.0578998728248646,0
0.0300317037601878,0.118977031821242,0
0.0440520984022267,0.180054190817619,0
0.0580724930442657,0.241131349813996,0
0.0720928876863047,0.302208508810373,0
0.0861132823283436,0.36328566780675,0
0.100133676970383,0.424362826803127,0
0.114154071612422,0.485439985799504,0
0.0402428896694081,0.443551422092788,0
0.0262224950273692,0.382474263096411,0
0.0122021003853302,0.321397104100034,0
-0.00181829425670876,0.260319945103657,0
-0.0158386888987477,0.19924278610728,0
-0.0298590835407867,0.138165627110903,0
-0.0438794781828256,0.0770884681145259,0
-0.0578998728248646,0.0160113091181488,0
-0.0719202674669036,-0.0450658498782283,0
-0.0859406621089425,-0.106143008874605,0
-0.0999610567509815,-0.167220167870982,0
-0.11398145139302,-0.228297326867359,0
-0.128001846035059,-0.289374485863737,0
-0.142022240677098,-0.350451644860114,0
-0.156042635319137,-0.411528803856491,0
-0.218306166010917,-0.402676609862074,0
-0.204285771368878,-0.341599450865697,0
-0.190265376726839,-0.28052229186932,0
-0.1762449820848,-0.219445132872943,0
-0.162224587442761,-0.158367973876566,0
-0.148204192800722,-0.0972908148801887,0
-0.134183798158683,-0.0362136558838116,0
-0.120163403516644,0.0248635031125654,0
-0.106143008874605,0.0859406621089425,0
-0.0921226142325664,0.14701782110532,0
-0.0781022195905274,0.208094980101697,0
-0.0640818249484885,0.269172139098074,0
-0.0500614303064495,0.330249298094451,0
-0.0360410356644105,0.391326457090828,0
-0.0220206410223716,0.452403616087205,0
-0.081911428323346,0.471592211376866,0
-0.095931822965385,0.410515052380489,0
-0.109952217607424,0.349437893384112,0
-0.123972612249463,0.288360734387735,0
-0.137993006891502,0.227283575391358,0
-0.152013401533541,0.166206416394981,0
-0.16603379617558,0.105129257398604,0
-0.180054190817619,0.0440520984022267,0
-0.194074585459658,-0.0170250605941503,0
-0.208094980101697,-0.0781022195905274,0
-0.222115374743736,-0.139179378586904,0
-0.236135769385775,-0.200256537583282,0
-0.250156164027814,-0.261333696579659,0
-0.264176558669853,-0.322410855576036,0
-0.278196953311891,-0.383488014572413,0
-0.326440089361632,-0.313558661581619,0
-0.312419694719593,-0.252481502585242,0
-0.298399300077554,-0.191404343588865,0
-0.284378905435515,-0.130327184592488,0
-0.270358510793476,-0.0692500255961108,0
-0.256338116151437,-0.00817286659973371,0
-0.242317721509398,0.0529042923966434,0
-0.228297326867359,0.11398145139302,0
-0.214276932225321,0.175058610389397,0
-0.200256537583282,0.236135769385775,0
-0.186236142941243,0.297212928382152,0
-0.172215748299204,0.358290087378529,0
-0.158195353657165,0.419367246374906,0
-0.218086140958139,0.438555841664567,0
-0.232106535600178,0.37747868266819,0
-0.246126930242217,0.316401523671813,0
-0.260147324884256,0.255324364675436,0
-0.274167719526295,0.194247205679059,0
-0.288188114168334,0.133170046682682,0
-0.302208508810373,0.0720928876863047,0
-0.316228903452412,0.0110157286899276,0
-0.330249298094451,-0.0500614303064495,0
-0.34426969273649,-0.111138589302827,0
-0.358290087378529,-0.172215748299204,0
-0.372310482020568,-0.233292907295581,0
-0.386330876662607,-0.294370066291958,0
-0.434574012712348,-0.224440713301164,0
-0.420553618070309,-0.163363554304787,0
-0.40653322342827,-0.10228639530841,0
-0.392512828786231,-0.0412092363120328,0
-0.378492434144192,0.0198679226843442,0
-0.364472039502153,0.0809450816807213,0
-0.350451644860114,0.142022240677098,0
-0.336431250218075,0.203099399673475,0
-0.322410855576036,0.264176558669853,0
-0.308390460933997,0.32525371766623,0
-0.294370066291958,0.386330876662607,0
-0.38230164287701,0.283365153959514,0
-0.396322037519049,0.222287994963137,0
-0.410342432161088,0.16121083596676,0
-0.424362826803127,0.100133676970383,0
-0.438383221445166,0.0390565179740055,0
-0.452403616087205,-0.0220206410223716,0
-0.466424010729244,-0.0830978000187486,0
-0.486626357494907,0.108985870964799,0
-0.563991361791975,0.187997120597325,-0.062665706865775
-0.5013256549262,0.12533141373155,0
-0.563991361791975,0.062665706865775,-0.062665706865775
-0.62665706865775,2.77555756156289e-17,0
-0.563991361791975,0.062665706865775,-0.062665706865775
-0.62665706865775,2.77555756156289e-17,0
-0.689322775523525,-0.062665706865775,0.062665706865775
-0.7519884823893,-0.12533141373155,0
-0.814654189255075,-0.062665706865775,0.062665706865775
-0.87731989612085,-0.12533141373155,0.12533141373155
-0.939985602986625,-0.187997120597325,0.062665706865775
-0.87731989612085,-0.2506628274631,0
-0.814654189255075,-0.313328534328875,-0.062665706865775
-0.7519884823893,-0.37599424119465,0
-0.689322775523525,-0.313328534328875,-0.062665706865775
-0.62665706865775,-0.2506628274631,-0.12533141373155
-0.563991361791975,-0.187997120597325,-0.062665706865775
-0.5013256549262,-0.12533141373155,0
-0.462096957133834,-0.187482090041604,0.062665706865775
-0.336120119161261,-0.333886009961079,0.062665706865775
-0.359370584239708,-0.275693169416703,0.062665706865775
-0.382621049318154,-0.217500328872326,0.062665706865775
-0.4058715143966,-0.15930748832795,0.062665706865775
-0.429121979475047,-0.101114647783574,0.062665706865775
-0.452372444553493,-0.0429218072391982,0.062665706865775
-0.47562290963194,0.0152710333051779,0.062665706865775
-0.461963601437314,0.14998304283717,0.062665706865775
-0.438713136358868,0.0917902022927934,0.062665706865775
-0.415462671280421,0.0335973617484173,0.062665706865775
-0.392212206201975,-0.0245954787959588,0.062665706865775
-0.368961741123528,-0.0827883193403349,0.062665706865775
-0.345711276045082,-0.140981159884711,0.062665706865775
-0.322460810966636,-0.199174000429087,0.062665706865775
-0.299210345888189,-0.257366840973463,0.062665706865775
-0.275959880809743,-0.315559681517839,0.062665706865775
-0.252709415731296,-0.373752522062216,0.062665706865775
-0.22945895065285,-0.431945362606592,0.062665706865775
-0.14998304283717,-0.461963601437314,0.062665706865775
-0.173233507915616,-0.403770760892938,0.062665706865775
-0.196483972994062,-0.345577920348562,0.062665706865775
-0.219734438072509,-0.287385079804186,0.062665706865775
-0.242984903150955,-0.22919223925981,0.062665706865775
-0.266235368229402,-0.170999398715434,0.062665706865775
-0.289485833307848,-0.112806558171058,0.062665706865775
-0.312736298386295,-0.0546137176266814,0.062665706865775
-0.335986763464741,0.00357912291769466,0.062665706865775
-0.359237228543187,0.0617719634620708,0.062665706865775
-0.382487693621634,0.119964804006447,0.062665706865775
-0.40573815870008,0.178157644550823,0.062665706865775
-0.428988623778527,0.236350485095199,0.062665706865775
-0.368828385427008,0.254676813538439,0.062665706865775
-0.345577920348562,0.196483972994062,0.062665706865775
-0.322327455270115,0.138291132449686,0.062665706865775
-0.299076990191669,0.0800982919053101,0.062665706865775
-0.275826525113223,0.0219054513609341,0.062665706865775
-0.252576060034776,-0.036287389183442,0.062665706865775
-0.22932559495633,-0.0944802297278181,0.062665706865775
-0.206075129877883,-0.152673070272194,0.062665706865775
-0.182824664799437,-0.21086591081657,0.062665706865775
-0.15957419972099,-0.269058751360946,0.062665706865775
-0.136323734642544,-0.327251591905323,0.062665706865775
-0.113073269564098,-0.385444432449699,0.062665706865775
-0.0898228044856512,-0.443637272994075,0.062665706865775
-0.12533141373155,-0.5013256549262,0
-0.062665706865775,-0.563991361791975,0.062665706865775
-0.12533141373155,-0.5013256549262,0.12533141373155
-0.0787556493715345,-0.551289545600742,0.062665706865775
-0.0103468966699709,-0.473655511824797,0.062665706865775
-0.0335973617484173,-0.415462671280421,0.062665706865775
-0.0568478268268637,-0.357269830736045,0.062665706865775
-0.0800982919053101,-0.299076990191669,0.062665706865775
-0.103348756983757,-0.240884149647293,0.062665706865775
-0.126599222062203,-0.182691309102917,0.062665706865775
-0.149849687140649,-0.124498468558541,0.062665706865775
-0.173100152219096,-0.0663056280141646,0.062665706865775
-0.196350617297542,-0.00811278746978854,0.062665706865775
-0.219601082375989,0.0500800530745876,0.062665706865775
-0.242851547454435,0.108272893618964,0.062665706865775
-0.266102012532882,0.16646573416334,0.062665706865775
-0.289352477611328,0.224658574707716,0.062665706865775
-0.312602942689774,0.282851415252092,0.062665706865775
-0.335853407768221,0.341044255796468,0.062665706865775
-0.275693169416703,0.359370584239708,0.062665706865775
-0.252442704338256,0.301177743695331,0.062665706865775
-0.22919223925981,0.242984903150955,0.062665706865775
-0.205941774181363,0.184792062606579,0.062665706865775
-0.182691309102917,0.126599222062203,0.062665706865775
-0.15944084402447,0.0684063815178269,0.062665706865775
-0.136190378946024,0.0102135409734508,0.062665706865775
-0.112939913867578,-0.0479792995709253,0.062665706865775
-0.0896894487891312,-0.106172140115301,0.062665706865775
-0.0664389837106847,-0.164364980659677,0.062665706865775
-0.0431885186322383,-0.222557821204054,0.062665706865775
-0.0199380535537918,-0.28075066174843,0.062665706865775
0.00331241152465458,-0.338943502292806,0.062665706865775
0.026562876603101,-0.397136342837182,0.062665706865775
0.0498133416815474,-0.455329183381558,0.062665706865775
0.106038784418781,-0.427154581667905,0.062665706865775
0.0827883193403349,-0.368961741123528,0.062665706865775
0.0595378542618885,-0.310768900579152,0.062665706865775
0.036287389183442,-0.252576060034776,0.062665706865775
0.0130369241049956,-0.1943832194904,0.062665706865775
-0.0102135409734508,-0.136190378946024,0.062665706865775
-0.0334640060518972,-0.0779975384016479,0.062665706865775
-0.0567144711303437,-0.0198046978572718,0.062665706865775
-0.0799649362087901,0.0383881426871043,0.062665706865775
-0.103215401287236,0.0965809832314804,0.062665706865775
-0.126465866365683,0.154773823775856,0.062665706865775
-0.149716331444129,0.212966664320233,0.062665706865775
-0.172966796522576,0.271159504864609,0.062665706865775
-0.196217261601022,0.329352345408985,0.062665706865775
-0.219467726679469,0.387545185953361,0.062665706865775
-0.182557953406397,0.464064354940976,0.062665706865775
-0.15930748832795,0.4058715143966,0.062665706865775
-0.136057023249504,0.347678673852224,0.062665706865775
-0.112806558171058,0.289485833307848,0.062665706865775
-0.0895560930926111,0.231292992763472,0.062665706865775
-0.0663056280141646,0.173100152219096,0.062665706865775
-0.0430551629357182,0.11490731167472,0.062665706865775
-0.0198046978572718,0.0567144711303437,0.062665706865775
0.00344576722117463,-0.00147836941403244,0.062665706865775
0.026696232299621,-0.0596712099584085,0.062665706865775
0.0499466973780675,-0.117864050502785,0.062665706865775
0.0731971624565139,-0.176056891047161,0.062665706865775
0.0964476275349604,-0.234249731591537,0.062665706865775
0.119698092613407,-0.292442572135913,0.062665706865775
0.142948557691853,-0.350635412680289,0.062665706865775
0.1661990227703,-0.408828253224665,0.062665706865775
0.222424465507534,-0.380653651511012,0.062665706865775
0.199174000429087,-0.322460810966636,0.062665706865775
0.175923535350641,-0.26426797042226,0.062665706865775
0.152673070272194,-0.206075129877883,0.062665706865775
0.129422605193748,-0.147882289333507,0.062665706865775
0.106172140115301,-0.0896894487891312,0.062665706865775
0.082921675036855,-0.031496608244755,0.062665706865775
0.0596712099584085,0.026696232299621,0.062665706865775
0.0364207448799621,0.0848890728439971,0.062665706865775
0.0131702798015157,0.143081913388373,0.062665706865775
-0.0100801852769307,0.201274753932749,0.062665706865775
-0.0333306503553772,0.259467594477126,0.062665706865775
-0.0565811154338236,0.317660435021502,0.062665706865775
-0.07983158051227,0.375853275565878,0.062665706865775
-0.103082045590716,0.434046116110254,0.062665706865775
-0.0429218072391982,0.452372444553493,0.062665706865775
-0.0196713421607518,0.394179604009117,0.062665706865775
0.00357912291769466,0.335986763464741,0.062665706865775
0.0268295879961411,0.277793922920365,0.062665706865775
0.0500800530745876,0.219601082375989,0.062665706865775
0.073330518153034,0.161408241831613,0.062665706865775
0.0965809832314804,0.103215401287236,0.062665706865775
0.119831448309927,0.0450225607428604,0.062665706865775
0.143081913388373,-0.0131702798015157,0.062665706865775
0.16633237846682,-0.0713631203458918,0.062665706865775
0.189582843545266,-0.129555960890268,0.062665706865775
0.212833308623713,-0.187748801434644,0.062665706865775
0.236083773702159,-0.24594164197902,0.062665706865775
0.259334238780605,-0.304134482523396,0.062665706865775
0.282584703859052,-0.362327323067772,0.062665706865775
0.338810146596286,-0.334152721354119,0.062665706865775
0.315559681517839,-0.275959880809743,0.062665706865775
0.292309216439393,-0.217767040265367,0.062665706865775
0.269058751360946,-0.15957419972099,0.062665706865775
0.2458082862825,-0.101381359176614,0.062665706865775
0.222557821204054,-0.0431885186322383,0.062665706865775
0.199307356125607,0.0150043219121378,0.062665706865775
0.176056891047161,0.0731971624565139,0.062665706865775
0.152806425968714,0.13139000300089,0.062665706865775
0.129555960890268,0.189582843545266,0.062665706865775
0.106305495811821,0.247775684089642,0.062665706865775
0.083055030733375,0.305968524634018,0.062665706865775
0.0598045656549286,0.364161365178394,0.062665706865775
0.0365541005764821,0.422354205722771,0.062665706865775
0.0133036354980357,0.480547046267147,0.062665706865775
0.0967143389280005,0.44068053416601,0.062665706865775
0.119964804006447,0.382487693621634,0.062665706865775
0.143215269084893,0.324294853077258,0.062665706865775
0.16646573416334,0.266102012532882,0.062665706865775
0.189716199241786,0.207909171988506,0.062665706865775
0.212966664320233,0.149716331444129,0.062665706865775
0.236217129398679,0.0915234908997533,0.062665706865775
0.259467594477126,0.0333306503553772,0.062665706865775
0.282718059555572,-0.0248621901889989,0.062665706865775
0.305968524634018,-0.083055030733375,0.062665706865775
0.329218989712465,-0.141247871277751,0.062665706865775
0.352469454790911,-0.199440711822127,0.062665706865775
0.375719919869358,-0.257633552366503,0.062665706865775
0.431945362606592,-0.22945895065285,0.062665706865775
0.408694897528145,-0.171266110108474,0.062665706865775
0.385444432449699,-0.113073269564098,0.062665706865775
0.362193967371252,-0.0548804290197215,0.062665706865775
0.338943502292806,0.00331241152465458,0.062665706865775
0.315693037214359,0.0615052520690307,0.062665706865775
0.292442572135913,0.119698092613407,0.062665706865775
0.269192107057467,0.177890933157783,0.062665706865775
0.24594164197902,0.236083773702159,0.062665706865775
0.222691176900574,0.294276614246535,0.062665706865775
0.199440711822127,0.352469454790911,0.062665706865775
0.176190246743681,0.410662295335287,0.062665706865775
0.152939781665234,0.468855135879663,0.062665706865775
0.236350485095199,0.428988623778527,0.062665706865775
0.259600950173646,0.370795783234151,0.062665706865775
0.282851415252092,0.312602942689774,0.062665706865775
0.306101880330538,0.254410102145398,0.062665706865775
0.329352345408985,0.196217261601022,0.062665706865775
0.352602810487431,0.138024421056646,0.062665706865775
0.375853275565878,0.07983158051227,0.062665706865775
0.399103740644324,0.0216387399678939,0.062665706865775
0.422354205722771,-0.0365541005764821,0.062665706865775
0.445604670801217,-0.0947469411208584,0.062665706865775
0.468855135879663,-0.152939781665234,0.062665706865775
0.610399682637494,-0.101733280439582,0
0.615148156556384,-0.246059262622554,-0.062665706865775
0.719479672682232,-0.179869918170558,0
0.615148156556384,-0.246059262622554,-0.062665706865775
0.610399682637494,-0.101733280439582,-0.12533141373155
0.686671465671125,0,-0.187997120597325
0.610399682637494,-0.101733280439582,-0.2506628274631
0.615148156556384,-0.246059262622554,-0.187997120597325
0.610399682637494,-0.101733280439582,-0.12533141373155
0.561340051939575,0,-0.187997120597325
0.610399682637494,-0.101733280439582,-0.12533141373155
0.561340051939575,0,-0.062665706865775
0.5013256549262,0.062665706865775,-2.77555756156289e-17
0.563991361791975,0.12533141373155,0.062665706865775
0.62665706865775,0.187997120597325,0.12533141373155
0.689322775523525,0.12533141373155,0.062665706865775
0.7519884823893,0.062665706865775,0.12533141373155
0.814654189255075,2.77555756156289e-17,0.062665706865775
0.7519884823893,-0.062665706865775,0.12533141373155
0.689322775523525,-0.12533141373155,0.062665706865775
0.62665706865775,-0.062665706865775,0.12533141373155
0.563991361791975,2.77555756156289e-17,0.062665706865775
0.5013256549262,-0.062665706865775,-2.77555756156289e-17
0.478579648460004,-0.00837949886282865,0.062665706865775
0.455329183381558,0.0498133416815474,0.062665706865775
0.432078718303112,0.108006182225924,0.062665706865775
0.408828253224665,0.1661990227703,0.062665706865775
0.385577788146219,0.224391863314676,0.062665706865775
0.362327323067772,0.282584703859052,0.062665706865775
0.339076857989326,0.340777544403428,0.062665706865775
0.37599424119465,0.2506628274631,0.12533141373155
0.544164391383669,0.326498634830202,0.062665706865775
0.456443953723448,0.456443953723447,0.12533141373155
0.393778246857672,0.393778246857672,0.062665706865775
0.37599424119465,0.2506628274631,0
0.438659948060425,0.187997120597325,0.062665706865775
0.402619551858923,0.262678409570455,0.12533141373155
0.350372003311949,0.29727876343886,0.12533141373155
0.298124454764975,0.331879117307264,0.12533141373155
0.245876906218001,0.366479471175669,0.12533141373155
0.193629357671027,0.401079825044074,0.12533141373155
0.141381809124052,0.435680178912478,0.12533141373155
0.0891342605770783,0.470280532780883,0.12533141373155
-0.0543822508712931,0.490161489763036,0.12533141373155
-0.00213470232431898,0.455561135894632,0.12533141373155
0.0501128462226552,0.420960782026227,0.12533141373155
0.102360394769629,0.386360428157822,0.12533141373155
0.154607943316603,0.351760074289418,0.12533141373155
0.206855491863578,0.317159720421013,0.12533141373155
0.259103040410552,0.282559366552608,0.12533141373155
0.311350588957526,0.247959012684204,0.12533141373155
0.3635981375045,0.213358658815799,0.12533141373155
0.415845686051474,0.178758304947395,0.12533141373155
0.468093234598448,0.14415795107899,0.12533141373155
0.490161489763036,0.0543822508712931,0.12533141373155
0.437913941216062,0.0889826047396977,0.12533141373155
0.385666392669088,0.123582958608102,0.12533141373155
0.333418844122114,0.158183312476507,0.12533141373155
0.28117129557514,0.192783666344912,0.12533141373155
0.228923747028166,0.227384020213316,0.12533141373155
0.176676198481191,0.261984374081721,0.12533141373155
0.124428649934217,0.296584727950125,0.12533141373155
0.0721811013872432,0.33118508181853,0.12533141373155
0.0199335528402691,0.365785435686935,0.12533141373155
-0.032313995706705,0.400385789555339,0.12533141373155
-0.0845615442536793,0.434986143423744,0.12533141373155
-0.136809092800653,0.469586497292149,0.12533141373155
-0.175830507155076,0.420266746537493,0.12533141373155
-0.123582958608102,0.385666392669088,0.12533141373155
-0.0713354100611282,0.351066038800683,0.12533141373155
-0.019087861514154,0.316465684932279,0.12533141373155
0.0331596870328201,0.281865331063874,0.12533141373155
0.0854072355797942,0.247264977195469,0.12533141373155
0.137654784126768,0.212664623327065,0.12533141373155
0.189902332673742,0.17806426945866,0.12533141373155
0.242149881220717,0.143463915590256,0.12533141373155
0.294397429767691,0.108863561721851,0.12533141373155
0.346644978314665,0.0742632078534463,0.12533141373155
0.398892526861639,0.0396628539850416,0.12533141373155
0.451140075408613,0.005062500116637,0.12533141373155
0.473208330573201,-0.0847132000910599,0.12533141373155
0.420960782026227,-0.0501128462226552,0.12533141373155
0.368713233479253,-0.0155124923542506,0.12533141373155
0.316465684932279,0.019087861514154,0.12533141373155
0.264218136385304,0.0536882153825587,0.12533141373155
0.21197058783833,0.0882885692509633,0.12533141373155
0.159723039291356,0.122888923119368,0.12533141373155
0.107475490744382,0.157489276987773,0.12533141373155
0.055227942197408,0.192089630856177,0.12533141373155
0.0029803936504339,0.226689984724582,0.12533141373155
-0.0492671548965402,0.261290338592986,0.12533141373155
-0.101514703443514,0.295890692461391,0.12533141373155
-0.153762251990489,0.330491046329796,0.12533141373155
-0.206009800537463,0.3650914001982,0.12533141373155
-0.258257349084437,0.399691754066605,0.12533141373155
-0.29727876343886,0.350372003311949,0.12533141373155
-0.245031214891886,0.315771649443544,0.12533141373155
-0.192783666344912,0.28117129557514,0.12533141373155
-0.140536117797938,0.246570941706735,0.12533141373155
-0.0882885692509633,0.21197058783833,0.12533141373155
-0.0360410207039892,0.177370233969926,0.12533141373155
0.0162065278429849,0.142769880101521,0.12533141373155
0.068454076389959,0.108169526233116,0.12533141373155
0.120701624936933,0.0735691723647119,0.12533141373155
0.172949173483907,0.0389688184963072,0.12533141373155
0.225196722030881,0.00436846462790261,0.12533141373155
0.277444270577855,-0.030231889240502,0.12533141373155
0.32969181912483,-0.0648322431089067,0.12533141373155
0.381939367671804,-0.0994325969773113,0.12533141373155
0.434186916218778,-0.134032950845716,0.12533141373155
0.404007622836392,-0.189208297185008,0.12533141373155
0.351760074289418,-0.154607943316603,0.12533141373155
0.299512525742444,-0.120007589448199,0.12533141373155
0.247264977195469,-0.0854072355797942,0.12533141373155
0.195017428648495,-0.0508068817113895,0.12533141373155
0.142769880101521,-0.0162065278429849,0.12533141373155
0.090522331554547,0.0183938260254197,0.12533141373155
0.0382747830075729,0.0529941798938243,0.12533141373155
-0.0139727655394012,0.0875945337622289,0.12533141373155
-0.0662203140863754,0.122194887630634,0.12533141373155
-0.118467862633349,0.156795241499038,0.12533141373155
-0.170715411180324,0.191395595367443,0.12533141373155
-0.222962959727298,0.225995949235848,0.12533141373155
-0.275210508274272,0.260596303104252,0.12533141373155
-0.327458056821246,0.295196656972657,0.12533141373155
-0.366479471175669,0.245876906218001,0.12533141373155
-0.314231922628695,0.211276552349596,0.12533141373155
-0.261984374081721,0.176676198481191,0.12533141373155
-0.209736825534747,0.142075844612787,0.12533141373155
-0.157489276987773,0.107475490744382,0.12533141373155
-0.105241728440798,0.0728751368759775,0.12533141373155
-0.0529941798938243,0.0382747830075729,0.12533141373155
-0.00074663134685022,0.00367442913916825,0.12533141373155
0.0515009172001239,-0.0309259247292364,0.12533141373155
0.103748465747098,-0.065526278597641,0.12533141373155
0.155996014294072,-0.100126632466046,0.12533141373155
0.208243562841046,-0.13472698633445,0.12533141373155
0.26049111138802,-0.169327340202855,0.12533141373155
0.312738659934995,-0.20392769407126,0.12533141373155
0.364986208481969,-0.238528047939664,0.12533141373155
0.334806915099583,-0.293703394278956,0.12533141373155
0.282559366552608,-0.259103040410552,0.12533141373155
0.230311818005634,-0.224502686542147,0.12533141373155
0.17806426945866,-0.189902332673742,0.12533141373155
0.125816720911686,-0.155301978805338,0.12533141373155
0.0735691723647119,-0.120701624936933,0.12533141373155
0.0213216238177377,-0.0861012710685285,0.12533141373155
-0.0309259247292364,-0.0515009172001239,0.12533141373155
-0.0831734732762105,-0.0169005633317193,0.12533141373155
-0.135421021823185,0.0176997905366853,0.12533141373155
-0.187668570370159,0.05230014440509,0.12533141373155
-0.239916118917133,0.0869004982734946,0.12533141373155
-0.292163667464107,0.121500852141899,0.12533141373155
-0.344411216011081,0.156101206010304,0.12533141373155
-0.396658764558055,0.190701559878709,0.12533141373155
-0.435680178912478,0.141381809124052,0.12533141373155
-0.383432630365504,0.106781455255648,0.12533141373155
-0.33118508181853,0.0721811013872432,0.12533141373155
-0.278937533271556,0.0375807475188386,0.12533141373155
-0.226689984724582,0.0029803936504339,0.12533141373155
-0.174442436177608,-0.0316199602179707,0.12533141373155
-0.122194887630634,-0.0662203140863754,0.12533141373155
-0.0699473390836595,-0.10082066795478,0.12533141373155
-0.0176997905366853,-0.135421021823185,0.12533141373155
0.0345477580102888,-0.170021375691589,0.12533141373155
0.0867953065572629,-0.204621729559994,0.12533141373155
0.139042855104237,-0.239222083428398,0.12533141373155
0.191290403651211,-0.273822437296803,0.12533141373155
0.243537952198185,-0.308422791165208,0.12533141373155
0.295785500745159,-0.343023145033612,0.12533141373155
0.265606207362773,-0.398198491372905,0.12533141373155
0.213358658815799,-0.3635981375045,0.12533141373155
0.161111110268825,-0.328997783636095,0.12533141373155
0.108863561721851,-0.294397429767691,0.12533141373155
0.0566160131748767,-0.259797075899286,0.12533141373155
0.00436846462790261,-0.225196722030881,0.12533141373155
-0.0478790839190715,-0.190596368162477,0.12533141373155
-0.100126632466046,-0.155996014294072,0.12533141373155
-0.15237418101302,-0.121395660425668,0.12533141373155
-0.204621729559994,-0.0867953065572629,0.12533141373155
-0.256869278106968,-0.0521949526888583,0.12533141373155
-0.309116826653942,-0.0175945988204536,0.12533141373155
-0.361364375200916,0.017005755047951,0.12533141373155
-0.41361192374789,0.0516061089163557,0.12533141373155
-0.465859472294865,0.0862064627847603,0.12533141373155
-0.452633338102314,0.00228635816169959,0.12533141373155
-0.400385789555339,-0.032313995706705,0.12533141373155
-0.348138241008365,-0.0669143495751097,0.12533141373155
-0.295890692461391,-0.101514703443514,0.12533141373155
-0.243643143914417,-0.136115057311919,0.12533141373155
-0.191395595367443,-0.170715411180324,0.12533141373155
-0.139148046820469,-0.205315765048728,0.12533141373155
-0.0869004982734946,-0.239916118917133,0.12533141373155
-0.0346529497265205,-0.274516472785537,0.12533141373155
0.0175945988204536,-0.309116826653942,0.12533141373155
0.0698421473674277,-0.343717180522347,0.12533141373155
0.122089695914402,-0.378317534390751,0.12533141373155
0.174337244461376,-0.412917888259156,0.12533141373155
0.14415795107899,-0.468093234598448,0.12533141373155
0.0919104025320157,-0.433492880730044,0.12533141373155
0.0396628539850416,-0.398892526861639,0.12533141373155
-0.0125846945619326,-0.364292172993234,0.12533141373155
-0.0648322431089067,-0.32969181912483,0.12533141373155
-0.117079791655881,-0.295091465256425,0.12533141373155
-0.169327340202855,-0.26049111138802,0.12533141373155
-0.221574888749829,-0.225890757519616,0.12533141373155
-0.273822437296803,-0.191290403651211,0.12533141373155
-0.326069985843777,-0.156690049782807,0.12533141373155
-0.378317534390751,-0.122089695914402,0.12533141373155
-0.430565082937726,-0.0874893420459973,0.12533141373155
-0.4828126314847,-0.0528889881775927,0.12533141373155
-0.469586497292149,-0.136809092800653,0.12533141373155
-0.417338948745175,-0.171409446669058,0.12533141373155
-0.3650914001982,-0.206009800537463,0.12533141373155
-0.312843851651226,-0.240610154405867,0.12533141373155
-0.260596303104252,-0.275210508274272,0.12533141373155
-0.208348754557278,-0.309810862142677,0.12533141373155
-0.156101206010304,-0.344411216011081,0.12533141373155
-0.10385365746333,-0.379011569879486,0.12533141373155
-0.0516061089163557,-0.41361192374789,0.12533141373155
0.00064143963061844,-0.448212277616295,0.12533141373155
0.0528889881775927,-0.4828126314847,0.12533141373155
-0.0817854022987418,-0.468787270087183,0.12533141373155
-0.134032950845716,-0.434186916218778,0.12533141373155
-0.18628049939269,-0.399586562350373,0.12533141373155
-0.238528047939664,-0.364986208481969,0.12533141373155
-0.290775596486638,-0.330385854613564,0.12533141373155
-0.343023145033612,-0.295785500745159,0.12533141373155
-0.395270693580587,-0.261185146876755,0.12533141373155
-0.393778246857672,-0.393778246857672,0.187997120597325
-0.176227128657213,-0.439773352168982,0.187997120597325
-0.113575007584286,-0.438468537220226,0.187997120597325
-0.0509228865113587,-0.43716372227147,0.187997120597325
0.0117292345615686,-0.435858907322713,0.187997120597325
0.0743813556344959,-0.434554092373957,0.187997120597325
0.137033476707423,-0.4332492774252,0.187997120597325
0.19968559778035,-0.431944462476444,0.187997120597325
0.318383554869397,-0.366793121773508,0.187997120597325
0.25573143379647,-0.368097936722265,0.187997120597325
0.193079312723542,-0.369402751671021,0.187997120597325
0.130427191650615,-0.370707566619777,0.187997120597325
0.0677750705776878,-0.372012381568534,0.187997120597325
0.00512294950476047,-0.37331719651729,0.187997120597325
-0.0575291715681668,-0.374622011466047,0.187997120597325
-0.120181292641094,-0.375926826414803,0.187997120597325
-0.182833413714021,-0.377231641363559,0.187997120597325
-0.245485534786949,-0.378536456312316,0.187997120597325
-0.308137655859876,-0.379841271261072,0.187997120597325
-0.366793121773508,-0.318383554869397,0.187997120597325
-0.304141000700581,-0.317078739920641,0.187997120597325
-0.241488879627653,-0.315773924971884,0.187997120597325
-0.178836758554726,-0.314469110023128,0.187997120597325
-0.116184637481799,-0.313164295074371,0.187997120597325
-0.0535325164088715,-0.311859480125615,0.187997120597325
0.00911960466405578,-0.310554665176859,0.187997120597325
0.0717717257369831,-0.309249850228102,0.187997120597325
0.13442384680991,-0.307945035279346,0.187997120597325
0.197075967882838,-0.306640220330589,0.187997120597325
0.259728088955765,-0.305335405381833,0.187997120597325
0.322380210028692,-0.304030590433077,0.187997120597325
0.38503233110162,-0.30272577548432,0.187997120597325
0.378426046044812,-0.240184064678897,0.187997120597325
0.315773924971884,-0.241488879627653,0.187997120597325
0.253121803898957,-0.24279369457641,0.187997120597325
0.19046968282603,-0.244098509525166,0.187997120597325
0.127817561753102,-0.245403324473923,0.187997120597325
0.0651654406801749,-0.246708139422679,0.187997120597325
0.00251331960724765,-0.248012954371435,0.187997120597325
-0.0601388014656796,-0.249317769320192,0.187997120597325
-0.122790922538607,-0.250622584268948,0.187997120597325
-0.185443043611534,-0.251927399217705,0.187997120597325
-0.248095164684462,-0.253232214166461,0.187997120597325
-0.310747285757389,-0.254537029115217,0.187997120597325
-0.373399406830316,-0.255841844063974,0.187997120597325
-0.432054872743948,-0.194384127672299,0.187997120597325
-0.369402751671021,-0.193079312723542,0.187997120597325
-0.306750630598094,-0.191774497774786,0.187997120597325
-0.244098509525166,-0.19046968282603,0.187997120597325
-0.181446388452239,-0.189164867877273,0.187997120597325
-0.118794267379312,-0.187860052928517,0.187997120597325
-0.0561421463063843,-0.18655523797976,0.187997120597325
0.00650997476654295,-0.185250423031004,0.187997120597325
0.0691620958394703,-0.183945608082247,0.187997120597325
0.131814216912398,-0.182640793133491,0.187997120597325
0.194466337985325,-0.181335978184735,0.187997120597325
0.257118459058252,-0.180031163235978,0.187997120597325
0.31977058013118,-0.178726348287222,0.187997120597325
0.382422701204107,-0.177421533338465,0.187997120597325
0.445074822277034,-0.176116718389709,0.187997120597325
0.438468537220226,-0.113575007584286,0.187997120597325
0.375816416147299,-0.114879822533042,0.187997120597325
0.313164295074371,-0.116184637481799,0.187997120597325
0.250512174001444,-0.117489452430555,0.187997120597325
0.187860052928517,-0.118794267379312,0.187997120597325
0.125207931855589,-0.120099082328068,0.187997120597325
0.0625558107826621,-0.121403897276824,0.187997120597325
-9.63102902651692e-05,-0.122708712225581,0.187997120597325
-0.0627484313631925,-0.124013527174337,0.187997120597325
-0.12540055243612,-0.125318342123094,0.187997120597325
-0.188052673509047,-0.12662315707185,0.187997120597325
-0.250704794581974,-0.127927972020606,0.187997120597325
-0.313356915654902,-0.129232786969363,0.187997120597325
-0.376009036727829,-0.130537601918119,0.187997120597325
-0.438661157800756,-0.131842416866876,0.187997120597325
-0.434664502641461,-0.0690798855264442,0.187997120597325
-0.372012381568534,-0.0677750705776878,0.187997120597325
-0.309360260495606,-0.0664702556289314,0.187997120597325
-0.246708139422679,-0.0651654406801749,0.187997120597325
-0.184056018349752,-0.0638606257314185,0.187997120597325
-0.121403897276824,-0.0625558107826621,0.187997120597325
-0.0587517762038972,-0.0612509958339057,0.187997120597325
0.00390034486903014,-0.0599461808851493,0.187997120597325
0.0665524659419574,-0.0586413659363929,0.187997120597325
0.129204587014885,-0.0573365509876365,0.187997120597325
0.191856708087812,-0.0560317360388801,0.187997120597325
0.254508829160739,-0.0547269210901237,0.187997120597325
0.317160950233667,-0.0534221061413673,0.187997120597325
0.379813071306594,-0.0521172911926109,0.187997120597325
0.442465192379521,-0.0508124762438544,0.187997120597325
0.435858907322713,0.0117292345615686,0.187997120597325
0.373206786249786,0.0104244196128122,0.187997120597325
0.310554665176859,0.00911960466405578,0.187997120597325
0.247902544103931,0.00781478971529936,0.187997120597325
0.185250423031004,0.00650997476654295,0.187997120597325
0.122598301958077,0.00520515981778655,0.187997120597325
0.0599461808851493,0.00390034486903014,0.187997120597325
-0.00270594018777799,0.00259552992027373,0.187997120597325
-0.0653580612607053,0.00129071497151732,0.187997120597325
-0.128010182333633,-1.40999772390896e-05,0.187997120597325
-0.19066230340656,-0.0013189149259955,0.187997120597325
-0.253314424479487,-0.00262372987475191,0.187997120597325
-0.315966545552415,-0.00392854482350832,0.187997120597325
-0.378618666625342,-0.00523335977226473,0.187997120597325
-0.441270787698269,-0.00653817472102114,0.187997120597325
-0.437274132538974,0.0562243566194104,0.187997120597325
-0.374622011466047,0.0575291715681668,0.187997120597325
-0.311969890393119,0.0588339865169232,0.187997120597325
-0.249317769320192,0.0601388014656796,0.187997120597325
-0.186665648247265,0.0614436164144361,0.187997120597325
-0.124013527174337,0.0627484313631925,0.187997120597325
-0.06136140610141,0.0640532463119489,0.187997120597325
0.00129071497151732,0.0653580612607053,0.187997120597325
0.0639428360444446,0.0666628762094617,0.187997120597325
0.126594957117372,0.0679676911582181,0.187997120597325
0.189247078190299,0.0692725061069745,0.187997120597325
0.251899199263227,0.0705773210557309,0.187997120597325
0.314551320336154,0.0718821360044873,0.187997120597325
0.377203441409081,0.0731869509532437,0.187997120597325
0.439855562482009,0.0744917659020001,0.187997120597325
0.4332492774252,0.137033476707423,0.187997120597325
0.370597156352273,0.135728661758667,0.187997120597325
0.307945035279346,0.13442384680991,0.187997120597325
0.245292914206418,0.133119031861154,0.187997120597325
0.182640793133491,0.131814216912398,0.187997120597325
0.119988672060564,0.130509401963641,0.187997120597325
0.0573365509876365,0.129204587014885,0.187997120597325
-0.0053155700852908,0.127899772066128,0.187997120597325
-0.0679676911582181,0.126594957117372,0.187997120597325
-0.130619812231145,0.125290142168616,0.187997120597325
-0.193271933304073,0.123985327219859,0.187997120597325
-0.255924054377,0.122680512271103,0.187997120597325
-0.318576175449927,0.121375697322346,0.187997120597325
-0.381228296522855,0.12007088237359,0.187997120597325
-0.443880417595782,0.118766067424833,0.187997120597325
-0.439883762436487,0.181528598765265,0.187997120597325
-0.377231641363559,0.182833413714021,0.187997120597325
-0.314579520290632,0.184138228662778,0.187997120597325
-0.251927399217705,0.185443043611534,0.187997120597325
-0.189275278144777,0.186747858560291,0.187997120597325
-0.12662315707185,0.188052673509047,0.187997120597325
-0.0639710359989228,0.189357488457803,0.187997120597325
-0.0013189149259955,0.19066230340656,0.187997120597325
0.0613332061469318,0.191967118355316,0.187997120597325
0.123985327219859,0.193271933304073,0.187997120597325
0.186637448292786,0.194576748252829,0.187997120597325
0.249289569365714,0.195881563201586,0.187997120597325
0.311941690438641,0.197186378150342,0.187997120597325
0.374593811511568,0.198491193099098,0.187997120597325
0.437245932584496,0.199796008047855,0.187997120597325
0.36798752645476,0.261032903904521,0.187997120597325
0.305335405381833,0.259728088955765,0.187997120597325
0.242683284308906,0.258423274007009,0.187997120597325
0.180031163235978,0.257118459058252,0.187997120597325
0.117379042163051,0.255813644109496,0.187997120597325
0.0547269210901237,0.254508829160739,0.187997120597325
-0.00792519998280363,0.253204014211983,0.187997120597325
-0.0705773210557309,0.251899199263227,0.187997120597325
-0.133229442128658,0.25059438431447,0.187997120597325
-0.195881563201586,0.249289569365714,0.187997120597325
-0.258533684274513,0.247984754416957,0.187997120597325
-0.32118580534744,0.246679939468201,0.187997120597325
-0.383837926420368,0.245375124519445,0.187997120597325
-0.379841271261072,0.308137655859876,0.187997120597325
-0.317189150188145,0.309442470808633,0.187997120597325
-0.254537029115217,0.310747285757389,0.187997120597325
-0.19188490804229,0.312052100706145,0.187997120597325
-0.129232786969363,0.313356915654902,0.187997120597325
-0.0665806658964356,0.314661730603658,0.187997120597325
-0.00392854482350832,0.315966545552415,0.187997120597325
0.058723576249419,0.317271360501171,0.187997120597325
0.121375697322346,0.318576175449927,0.187997120597325
0.184027818395274,0.319880990398684,0.187997120597325
0.246679939468201,0.32118580534744,0.187997120597325
0.309332060541128,0.322490620296197,0.187997120597325
0.30272577548432,0.38503233110162,0.187997120597325
0.240073654411393,0.383727516152863,0.187997120597325
0.177421533338465,0.382422701204107,0.187997120597325
0.114769412265538,0.38111788625535,0.187997120597325
0.0521172911926109,0.379813071306594,0.187997120597325
-0.0105348298803164,0.378508256357838,0.187997120597325
-0.0731869509532437,0.377203441409081,0.187997120597325
-0.135839072026171,0.375898626460325,0.187997120597325
-0.198491193099098,0.374593811511568,0.187997120597325
-0.261143314172026,0.373288996562812,0.187997120597325
-0.194494537939803,0.437356342852,0.187997120597325
-0.131842416866876,0.438661157800756,0.187997120597325
-0.0691902957939484,0.439965972749513,0.187997120597325
-0.00653817472102114,0.441270787698269,0.187997120597325
0.0561139463519062,0.442575602647026,0.187997120597325
0.118766067424833,0.443880417595782,0.187997120597325
0.181418188497761,0.445185232544538,0.187997120597325
0.190896352285288,0.572689056855864,0.12533141373155
0.0787556493715346,0.551289545600741,0.187997120597325
-0.104341603892738,0.469271009216034,0.2506628274631
-0.155103275447156,0.432525349363629,0.2506628274631
-0.205864947001575,0.395779689511225,0.2506628274631
-0.256626618555993,0.35903402965882,0.2506628274631
-0.307388290110411,0.322288369806416,0.2506628274631
-0.358149961664829,0.285542709954011,0.2506628274631
-0.408911633219247,0.248797050101607,0.2506628274631
-0.427222974109993,0.15818039032773,0.2506628274631
-0.376461302555574,0.194926050180134,0.2506628274631
-0.325699631001156,0.231671710032539,0.2506628274631
-0.274937959446738,0.268417369884943,0.2506628274631
-0.22417628789232,0.305163029737348,0.2506628274631
-0.173414616337902,0.341908689589752,0.2506628274631
-0.122652944783484,0.378654349442157,0.2506628274631
-0.0718912732290654,0.415400009294561,0.2506628274631
-0.0211296016746472,0.452145669146966,0.2506628274631
0.0706730589209072,0.441238985812006,0.2506628274631
0.019911387366489,0.404493325959602,0.2506628274631
-0.0308502841879293,0.367747666107197,0.2506628274631
-0.0816119557423475,0.331002006254793,0.2506628274631
-0.132373627296766,0.294256346402388,0.2506628274631
-0.183135298851184,0.257510686549984,0.2506628274631
-0.233896970405602,0.220765026697579,0.2506628274631
-0.28465864196002,0.184019366845175,0.2506628274631
-0.335420313514438,0.14727370699277,0.2506628274631
-0.386181985068856,0.110528047140366,0.2506628274631
-0.436943656623275,0.0737823872879612,0.2506628274631
-0.45525499751402,-0.0168342724859155,0.2506628274631
-0.404493325959602,0.019911387366489,0.2506628274631
-0.353731654405184,0.0566570472188935,0.2506628274631
-0.302969982850765,0.093402707071298,0.2506628274631
-0.252208311296347,0.130148366923703,0.2506628274631
-0.201446639741929,0.166894026776107,0.2506628274631
-0.150684968187511,0.203639686628512,0.2506628274631
-0.0999232966330927,0.240385346480916,0.2506628274631
-0.0491616250786745,0.277131006333321,0.2506628274631
0.00160004647574366,0.313876666185725,0.2506628274631
0.0523617180301618,0.35062232603813,0.2506628274631
0.10312338958458,0.387367985890534,0.2506628274631
0.153885061138998,0.424113645742939,0.2506628274631
0.245687721734553,0.413206962407979,0.2506628274631
0.194926050180134,0.376461302555574,0.2506628274631
0.144164378625716,0.33971564270317,0.2506628274631
0.093402707071298,0.302969982850765,0.2506628274631
0.0426410355168798,0.266224322998361,0.2506628274631
-0.00812063603753842,0.229478663145956,0.2506628274631
-0.0588823075919566,0.192733003293552,0.2506628274631
-0.109643979146375,0.155987343441147,0.2506628274631
-0.160405650700793,0.119241683588743,0.2506628274631
-0.211167322255211,0.0824960237363383,0.2506628274631
-0.261928993809629,0.0457503638839338,0.2506628274631
-0.312690665364047,0.00900470403152934,0.2506628274631
-0.363452336918466,-0.0277409558208752,0.2506628274631
-0.414214008472884,-0.0644866156732797,0.2506628274631
-0.464975680027302,-0.101232275525684,0.2506628274631
-0.432525349363629,-0.155103275447156,0.2506628274631
-0.381763677809211,-0.118357615594752,0.2506628274631
-0.331002006254793,-0.0816119557423475,0.2506628274631
-0.280240334700375,-0.044866295889943,0.2506628274631
-0.229478663145956,-0.00812063603753842,0.2506628274631
-0.178716991591538,0.0286250238148661,0.2506628274631
-0.12795532003712,0.0653706836672706,0.2506628274631
-0.0771936484827018,0.102116343519675,0.2506628274631
-0.0264319769282836,0.13886200337208,0.2506628274631
0.0243296946261345,0.175607663224484,0.2506628274631
0.0750913661805527,0.212353323076889,0.2506628274631
0.125853037734971,0.249098982929293,0.2506628274631
0.176614709289389,0.285844642781698,0.2506628274631
0.227376380843807,0.322590302634102,0.2506628274631
0.278138052398225,0.359335962486507,0.2506628274631
0.319179041439362,0.311683619299143,0.2506628274631
0.268417369884943,0.274937959446738,0.2506628274631
0.217655698330525,0.238192299594334,0.2506628274631
0.166894026776107,0.201446639741929,0.2506628274631
0.116132355221689,0.164700979889524,0.2506628274631
0.0653706836672706,0.12795532003712,0.2506628274631
0.0146090121128524,0.0912096601847155,0.2506628274631
-0.0361526594415658,0.054464000332311,0.2506628274631
-0.0869143309959839,0.0177183404799065,0.2506628274631
-0.137676002550402,-0.019027319372498,0.2506628274631
-0.18843767410482,-0.0557729792249025,0.2506628274631
-0.239199345659238,-0.092518639077307,0.2506628274631
-0.289961017213657,-0.129264298929712,0.2506628274631
-0.340722688768075,-0.166009958782116,0.2506628274631
-0.391484360322493,-0.202755618634521,0.2506628274631
-0.35903402965882,-0.256626618555993,0.2506628274631
-0.308272358104402,-0.219880958703588,0.2506628274631
-0.257510686549984,-0.183135298851184,0.2506628274631
-0.206749014995566,-0.146389638998779,0.2506628274631
-0.155987343441147,-0.109643979146375,0.2506628274631
-0.105225671886729,-0.0728983192939703,0.2506628274631
-0.054464000332311,-0.0361526594415658,0.2506628274631
-0.0037023287778928,0.000593000410838738,0.2506628274631
0.0470593427765254,0.0373386602632432,0.2506628274631
0.0978210143309435,0.0740843201156477,0.2506628274631
0.148582685885362,0.110829979968052,0.2506628274631
0.19934435743978,0.147575639820457,0.2506628274631
0.250106028994198,0.184321299672861,0.2506628274631
0.300867700548616,0.221066959525266,0.2506628274631
0.351629372103035,0.25781261937767,0.2506628274631
0.392670361144171,0.210160276190306,0.2506628274631
0.341908689589752,0.173414616337902,0.2506628274631
0.291147018035334,0.136668956485497,0.2506628274631
0.240385346480916,0.0999232966330927,0.2506628274631
0.189623674926498,0.0631776367806881,0.2506628274631
0.13886200337208,0.0264319769282836,0.2506628274631
0.0881003318176614,-0.0103136829241209,0.2506628274631
0.0373386602632432,-0.0470593427765254,0.2506628274631
-0.0134230112911749,-0.0838050026289299,0.2506628274631
-0.0641846828455931,-0.120550662481334,0.2506628274631
-0.114946354400011,-0.157296322333739,0.2506628274631
-0.165708025954429,-0.194041982186143,0.2506628274631
-0.216469697508848,-0.230787642038548,0.2506628274631
-0.267231369063266,-0.267533301890952,0.2506628274631
-0.317993040617684,-0.304278961743357,0.2506628274631
-0.285542709954011,-0.358149961664829,0.2506628274631
-0.234781038399593,-0.321404301812425,0.2506628274631
-0.184019366845175,-0.28465864196002,0.2506628274631
-0.133257695290757,-0.247912982107616,0.2506628274631
-0.0824960237363383,-0.211167322255211,0.2506628274631
-0.0317343521819202,-0.174421662402807,0.2506628274631
0.019027319372498,-0.137676002550402,0.2506628274631
0.0697889909269162,-0.100930342697998,0.2506628274631
0.120550662481334,-0.0641846828455931,0.2506628274631
0.171312334035753,-0.0274390229931886,0.2506628274631
0.222074005590171,0.00930663685921589,0.2506628274631
0.272835677144589,0.0460522967116204,0.2506628274631
0.323597348699007,0.082797956564025,0.2506628274631
0.374359020253425,0.119543616416429,0.2506628274631
0.425120691807844,0.156289276268834,0.2506628274631
0.46616168084898,0.10863693308147,0.2506628274631
0.415400009294561,0.0718912732290654,0.2506628274631
0.364638337740143,0.0351456133766608,0.2506628274631
0.313876666185725,-0.00160004647574366,0.2506628274631
0.263114994631307,-0.0383457063281482,0.2506628274631
0.212353323076889,-0.0750913661805527,0.2506628274631
0.16159165152247,-0.111837026032957,0.2506628274631
0.110829979968052,-0.148582685885362,0.2506628274631
0.0600683084136341,-0.185328345737766,0.2506628274631
0.00930663685921589,-0.222074005590171,0.2506628274631
-0.0414550346952023,-0.258819665442575,0.2506628274631
-0.0922167062496204,-0.29556532529498,0.2506628274631
-0.142978377804039,-0.332310985147384,0.2506628274631
-0.193740049358457,-0.369056644999789,0.2506628274631
-0.244501720912875,-0.405802304852193,0.2506628274631
-0.161289718694784,-0.422927644921261,0.2506628274631
-0.110528047140366,-0.386181985068856,0.2506628274631
-0.0597663755859476,-0.349436325216452,0.2506628274631
-0.00900470403152934,-0.312690665364047,0.2506628274631
0.0417569675228888,-0.275945005511643,0.2506628274631
0.092518639077307,-0.239199345659238,0.2506628274631
0.143280310631725,-0.202453685806834,0.2506628274631
0.194041982186143,-0.165708025954429,0.2506628274631
0.244803653740562,-0.128962366102025,0.2506628274631
0.29556532529498,-0.0922167062496204,0.2506628274631
0.346326996849398,-0.055471046397216,0.2506628274631
0.397088668403816,-0.0187253865448114,0.2506628274631
0.447850339958234,0.0180202733075931,0.2506628274631
0.438129657444952,-0.0663777297321756,0.2506628274631
0.387367985890534,-0.10312338958458,0.2506628274631
0.336606314336116,-0.139869049436985,0.2506628274631
0.285844642781698,-0.176614709289389,0.2506628274631
0.23508297122728,-0.213360369141794,0.2506628274631
0.184321299672861,-0.250106028994198,0.2506628274631
0.133559628118443,-0.286851688846603,0.2506628274631
0.082797956564025,-0.323597348699007,0.2506628274631
0.0320362850096068,-0.360343008551412,0.2506628274631
-0.0187253865448114,-0.397088668403816,0.2506628274631
-0.0694870580992297,-0.433834328256221,0.2506628274631
-0.120248729653648,-0.470579988108625,0.2506628274631
0.0137249441188615,-0.450959668325288,0.2506628274631
0.0644866156732797,-0.414214008472884,0.2506628274631
0.115248287227698,-0.377468348620479,0.2506628274631
0.166009958782116,-0.340722688768075,0.2506628274631
0.216771630336534,-0.30397702891567,0.2506628274631
0.267533301890952,-0.267231369063266,0.2506628274631
0.318294973445371,-0.230485709210861,0.2506628274631
0.369056644999789,-0.193740049358457,0.2506628274631
0.419818316554207,-0.156994389506052,0.2506628274631
0.470579988108625,-0.120248729653648,0.2506628274631
0.410097634040925,-0.241392392545821,0.2506628274631
0.359335962486507,-0.278138052398225,0.2506628274631
0.308574290932088,-0.31488371225063,0.2506628274631
0.25781261937767,-0.351629372103035,0.2506628274631
0.207050947823252,-0.388375031955439,0.2506628274631
0.156289276268834,-0.425120691807844,0.2506628274631
0.105527604714416,-0.461866351660248,0.2506628274631
0.259216474902633,-0.518432949805266,0.313328534328875
0.374032220091324,-0.467540275114155,0.2506628274631
0.467540275114155,-0.374032220091324,0.187997120597325
0.37599424119465,-0.313328534328875,0.2506628274631
0.349729894000894,-0.319602258119109,0.313328534328875
0.370537360701175,-0.260491851704469,0.313328534328875
0.391344827401456,-0.201381445289829,0.313328534328875
0.412152294101737,-0.142271038875188,0.313328534328875
0.432959760802018,-0.0831606324605481,0.313328534328875
0.453767227502299,-0.0240502260459079,0.313328534328875
0.47457469420258,0.0350601803687323,0.313328534328875
0.434511077262187,0.10997627465613,0.313328534328875
0.413703610561906,0.0508658682414898,0.313328534328875
0.392896143861625,-0.00824453817315039,0.313328534328875
0.372088677161344,-0.0673549445877906,0.313328534328875
0.351281210461063,-0.126465351002431,0.313328534328875
0.330473743760782,-0.185575757417071,0.313328534328875
0.309666277060501,-0.244686163831711,0.313328534328875
0.28885881036022,-0.303796570246351,0.313328534328875
0.268051343659939,-0.362906976660992,0.313328534328875
0.313328534328875,-0.438659948060425,0.37599424119465
0.37599424119465,-0.5013256549262,0.313328534328875
0.438659948060425,-0.438659948060425,0.2506628274631
0.5013256549262,-0.5013256549262,0.313328534328875
0.438659948060425,-0.563991361791975,0.37599424119465
0.37599424119465,-0.62665706865775,0.438659948060425
0.313328534328875,-0.563991361791975,0.5013256549262
0.2506628274631,-0.5013256549262,0.563991361791975
0.187997120597325,-0.438659948060425,0.5013256549262
0.2506628274631,-0.37599424119465,0.438659948060425
0.187997120597325,-0.438659948060425,0.37599424119465
0.2506628274631,-0.5013256549262,0.313328534328875
0.187997120597325,-0.438659948060425,0.2506628274631
0.189894147771051,-0.396208137547827,0.313328534328875
0.210701614471332,-0.337097731133187,0.313328534328875
0.231509081171613,-0.277987324718547,0.313328534328875
0.252316547871894,-0.218876918303907,0.313328534328875
0.273124014572175,-0.159766511889267,0.313328534328875
0.293931481272456,-0.100656105474626,0.313328534328875
0.314738947972737,-0.0415456990599862,0.313328534328875
0.335546414673018,0.017564707354654,0.313328534328875
0.356353881373299,0.0766751137692942,0.313328534328875
0.37716134807358,0.135785520183935,0.313328534328875
0.397968814773861,0.194895926598575,0.313328534328875
0.357905197833468,0.269812020885973,0.313328534328875
0.337097731133187,0.210701614471332,0.313328534328875
0.316290264432906,0.151591208056692,0.313328534328875
0.295482797732625,0.0924808016420518,0.313328534328875
0.274675331032344,0.0333703952274116,0.313328534328875
0.253867864332063,-0.0257400111872286,0.313328534328875
0.233060397631782,-0.0848504176018688,0.313328534328875
0.212252930931501,-0.143960824016509,0.313328534328875
0.19144546423122,-0.203071230431149,0.313328534328875
0.170637997530939,-0.262181636845789,0.313328534328875
0.149830530830658,-0.32129204326043,0.313328534328875
0.129023064130377,-0.38040244967507,0.313328534328875
0.108215597430096,-0.43951285608971,0.313328534328875
0.0300584015412088,-0.472814016976546,0.313328534328875
0.0508658682414898,-0.413703610561906,0.313328534328875
0.0716733349417708,-0.354593204147265,0.313328534328875
0.0924808016420518,-0.295482797732625,0.313328534328875
0.113288268342333,-0.236372391317985,0.313328534328875
0.134095735042614,-0.177261984903345,0.313328534328875
0.154903201742895,-0.118151578488705,0.313328534328875
0.175710668443176,-0.0590411720740643,0.313328534328875
0.196518135143457,6.92343405758813e-05,0.313328534328875
0.217325601843738,0.0591796407552161,0.313328534328875
0.238133068544019,0.118290047169856,0.313328534328875
0.2589405352443,0.177400453584497,0.313328534328875
0.279748001944581,0.236510859999137,0.313328534328875
0.300555468644862,0.295621266413777,0.313328534328875
0.321362935345143,0.354731672828417,0.313328534328875
0.260491851704469,0.370537360701175,0.313328534328875
0.239684385004188,0.311426954286534,0.313328534328875
0.218876918303907,0.252316547871894,0.313328534328875
0.198069451603626,0.193206141457254,0.313328534328875
0.177261984903345,0.134095735042614,0.313328534328875
0.156454518203064,0.0749853286279736,0.313328534328875
0.135647051502783,0.0158749222133334,0.313328534328875
0.114839584802502,-0.0432354842013068,0.313328534328875
0.0940321181022207,-0.102345890615947,0.313328534328875
0.0732246514019397,-0.161456297030587,0.313328534328875
0.0524171847016587,-0.220566703445227,0.313328534328875
0.0316097180013777,-0.279677109859868,0.313328534328875
0.0108022513010967,-0.338787516274508,0.313328534328875
-0.0100052153991843,-0.397897922689148,0.313328534328875
-0.0308126820994653,-0.457008329103788,0.313328534328875
-0.0881624112880716,-0.431199083575984,0.313328534328875
-0.0673549445877906,-0.372088677161344,0.313328534328875
-0.0465474778875096,-0.312978270746703,0.313328534328875
-0.0257400111872286,-0.253867864332063,0.313328534328875
-0.00493254448694756,-0.194757457917423,0.313328534328875
0.0158749222133334,-0.135647051502783,0.313328534328875
0.0366823889136144,-0.0765366450881425,0.313328534328875
0.0574898556138954,-0.0174262386735023,0.313328534328875
0.0782973223141764,0.0416841677411379,0.313328534328875
0.0991047890144574,0.100794574155778,0.313328534328875
0.119912255714738,0.159904980570418,0.313328534328875
0.140719722415019,0.219015386985059,0.313328534328875
0.1615271891153,0.278125793399699,0.313328534328875
0.182334655815581,0.337236199814339,0.313328534328875
0.203142122515862,0.396346606228979,0.313328534328875
0.142271038875188,0.412152294101737,0.313328534328875
0.121463572174907,0.353041887687096,0.313328534328875
0.100656105474626,0.293931481272456,0.313328534328875
0.0798486387743453,0.234821074857816,0.313328534328875
0.0590411720740643,0.175710668443176,0.313328534328875
0.0382337053737833,0.116600262028536,0.313328534328875
0.0174262386735023,0.0574898556138954,0.313328534328875
-0.00338122802677867,-0.00162055080074478,0.313328534328875
-0.0241886947270597,-0.060730957215385,0.313328534328875
-0.0449961614273407,-0.119841363630025,0.313328534328875
-0.0658036281276217,-0.178951770044665,0.313328534328875
-0.0866110948279027,-0.238062176459306,0.313328534328875
-0.107418561528184,-0.297172582873946,0.313328534328875
-0.128226028228465,-0.356282989288586,0.313328534328875
-0.149033494928746,-0.415393395703226,0.313328534328875
-0.206383224117352,-0.389584150175422,0.313328534328875
-0.185575757417071,-0.330473743760782,0.313328534328875
-0.16476829071679,-0.271363337346141,0.313328534328875
-0.143960824016509,-0.212252930931501,0.313328534328875
-0.123153357316228,-0.153142524516861,0.313328534328875
-0.102345890615947,-0.0940321181022207,0.313328534328875
-0.081538423915666,-0.0349217116875805,0.313328534328875
-0.060730957215385,0.0241886947270597,0.313328534328875
-0.039923490515104,0.0832991011416999,0.313328534328875
-0.019116023814823,0.14240950755634,0.313328534328875
0.00169144288545801,0.20151991397098,0.313328534328875
0.022498909585739,0.260630320385621,0.313328534328875
0.04330637628602,0.319740726800261,0.313328534328875
0.064113842986301,0.378851133214901,0.313328534328875
0.084921309686582,0.437961539629541,0.313328534328875
0.0240502260459079,0.453767227502299,0.313328534328875
0.00324275934562694,0.394656821087658,0.313328534328875
-0.017564707354654,0.335546414673018,0.313328534328875
-0.0383721740549351,0.276436008258378,0.313328534328875
-0.0591796407552161,0.217325601843738,0.313328534328875
-0.0799871074554971,0.158215195429098,0.313328534328875
-0.100794574155778,0.0991047890144574,0.313328534328875
-0.121602040856059,0.0399943825998172,0.313328534328875
-0.14240950755634,-0.019116023814823,0.313328534328875
-0.163216974256621,-0.0782264302294632,0.313328534328875
-0.184024440956902,-0.137336836644103,0.313328534328875
-0.204831907657183,-0.196447243058744,0.313328534328875
-0.225639374357464,-0.255557649473384,0.313328534328875
-0.246446841057745,-0.314668055888024,0.313328534328875
-0.267254307758026,-0.373778462302664,0.313328534328875
-0.324604036946632,-0.34796921677486,0.313328534328875
-0.303796570246351,-0.28885881036022,0.313328534328875
-0.28298910354607,-0.229748403945579,0.313328534328875
-0.262181636845789,-0.170637997530939,0.313328534328875
-0.241374170145508,-0.111527591116299,0.313328534328875
-0.220566703445227,-0.0524171847016587,0.313328534328875
-0.199759236744946,0.00669322171298145,0.313328534328875
-0.178951770044665,0.0658036281276217,0.313328534328875
-0.158144303344384,0.124914034542262,0.313328534328875
-0.137336836644103,0.184024440956902,0.313328534328875
-0.116529369943822,0.243134847371542,0.313328534328875
-0.0957219032435414,0.302245253786183,0.313328534328875
-0.0749144365432604,0.361355660200823,0.313328534328875
-0.0541069698429794,0.420466066615463,0.313328534328875
-0.114978053483654,0.436271754488221,0.313328534328875
-0.135785520183935,0.37716134807358,0.313328534328875
-0.156592986884216,0.31805094165894,0.313328534328875
-0.177400453584497,0.2589405352443,0.313328534328875
-0.198207920284778,0.19983012882966,0.313328534328875
-0.219015386985059,0.140719722415019,0.313328534328875
-0.23982285368534,0.0816093160003792,0.313328534328875
-0.260630320385621,0.022498909585739,0.313328534328875
-0.281437787085902,-0.0366114968289011,0.313328534328875
-0.302245253786183,-0.0957219032435414,0.313328534328875
-0.323052720486464,-0.154832309658182,0.313328534328875
-0.343860187186745,-0.213942716072822,0.313328534328875
-0.364667653887026,-0.273053122487462,0.313328534328875
-0.401209916375351,-0.188133470545017,0.313328534328875
-0.38040244967507,-0.129023064130377,0.313328534328875
-0.359594982974789,-0.0699126577157369,0.313328534328875
-0.338787516274508,-0.0108022513010967,0.313328534328875
-0.317980049574227,0.0483081551135435,0.313328534328875
-0.297172582873946,0.107418561528184,0.313328534328875
-0.276365116173665,0.166528967942824,0.313328534328875
-0.255557649473384,0.225639374357464,0.313328534328875
-0.234750182773103,0.284749780772104,0.313328534328875
-0.213942716072822,0.343860187186745,0.313328534328875
-0.193135249372541,0.402970593601385,0.313328534328875
-0.274813799713496,0.359665875059502,0.313328534328875
-0.295621266413777,0.300555468644862,0.313328534328875
-0.316428733114058,0.241445062230222,0.313328534328875
-0.337236199814339,0.182334655815581,0.313328534328875
-0.35804366651462,0.123224249400941,0.313328534328875
-0.378851133214901,0.064113842986301,0.313328534328875
-0.399658599915182,0.00500343657166084,0.313328534328875
-0.420466066615463,-0.0541069698429794,0.313328534328875
-0.441273533315744,-0.11321737625762,0.313328534328875
-0.477815795804069,-0.0282977243151749,0.313328534328875
-0.457008329103788,0.0308126820994653,0.313328534328875
-0.436200862403507,0.0899230885141055,0.313328534328875
-0.415393395703226,0.149033494928746,0.313328534328875
-0.394585929002945,0.208143901343386,0.313328534328875
-0.373778462302664,0.267254307758026,0.313328534328875
-0.544164391383669,0.326498634830201,0.37599424119465
-0.37599424119465,0.2506628274631,0.438659948060425
-0.438659948060425,0.187997120597325,0.37599424119465
-0.572689056855864,0.190896352285288,0.313328534328875
-0.551289545600741,0.0787556493715346,0.37599424119465
-0.62400575880535,7.64186655170487e-17,0.438659948060425
-0.667252141362045,0.133450428272409,0.37599424119465
-0.62400575880535,7.64186655170487e-17,0.438659948060425
-0.459443003802957,0.0068796913507479,0.37599424119465
-0.442891840693844,-0.0535607737096962,0.37599424119465
-0.42634067758473,-0.11400123877014,0.37599424119465
-0.409789514475617,-0.174441703830584,0.37599424119465
-0.393238351366503,-0.234882168891028,0.37599424119465
-0.298295040919865,-0.344326261058079,0.37599424119465
-0.314846204028978,-0.283885795997635,0.37599424119465
-0.331397367138092,-0.223445330937191,0.37599424119465
-0.347948530247205,-0.163004865876747,0.37599424119465
-0.364499693356319,-0.102564400816303,0.37599424119465
-0.381050856465432,-0.0421239357558589,0.37599424119465
-0.397602019574546,0.0183165293045851,0.37599424119465
-0.414153182683659,0.0787569943650292,0.37599424119465
-0.430704345792773,0.139197459425473,0.37599424119465
-0.38821556300941,0.221303412750307,0.37599424119465
-0.371664399900296,0.160862947689863,0.37599424119465
-0.355113236791183,0.100422482629419,0.37599424119465
-0.338562073682069,0.0399820175689749,0.37599424119465
-0.322010910572956,-0.0204584474914691,0.37599424119465
-0.305459747463842,-0.0808989125519132,0.37599424119465
-0.288908584354729,-0.141339377612357,0.37599424119465
-0.272357421245615,-0.201779842672801,0.37599424119465
-0.255806258136502,-0.262220307733245,0.37599424119465
-0.239255095027388,-0.322660772793689,0.37599424119465
-0.222703931918275,-0.383101237854134,0.37599424119465
-0.14431178458075,-0.43210486496074,0.37599424119465
-0.160862947689863,-0.371664399900296,0.37599424119465
-0.177414110798977,-0.311223934839852,0.37599424119465
-0.19396527390809,-0.250783469779408,0.37599424119465
-0.210516437017204,-0.190343004718964,0.37599424119465
-0.227067600126317,-0.12990253965852,0.37599424119465
-0.243618763235431,-0.069462074598076,0.37599424119465
-0.260169926344544,-0.00902160953763192,0.37599424119465
-0.276721089453658,0.0514188555228121,0.37599424119465
-0.293272252562771,0.111859320583256,0.37599424119465
-0.309823415671885,0.1722997856437,0.37599424119465
-0.326374578780998,0.232740250704144,0.37599424119465
-0.342925741890112,0.293180715764588,0.37599424119465
-0.283885795997635,0.314846204028978,0.37599424119465
-0.267334632888522,0.254405738968534,0.37599424119465
-0.250783469779408,0.19396527390809,0.37599424119465
-0.234232306670295,0.133524808847646,0.37599424119465
-0.217681143561181,0.073084343787202,0.37599424119465
-0.201129980452068,0.0126438787267579,0.37599424119465
-0.184578817342954,-0.0477965863336861,0.37599424119465
-0.168027654233841,-0.10823705139413,0.37599424119465
-0.151476491124727,-0.168677516454574,0.37599424119465
-0.134925328015614,-0.229117981515018,0.37599424119465
-0.1183741649065,-0.289558446575462,0.37599424119465
-0.101823001797386,-0.349998911635907,0.37599424119465
-0.085271838688273,-0.410439376696351,0.37599424119465
-0.0068796913507479,-0.459443003802957,0.37599424119465
-0.0234308544598614,-0.399002538742513,0.37599424119465
-0.0399820175689749,-0.338562073682069,0.37599424119465
-0.0565331806780884,-0.278121608621625,0.37599424119465
-0.073084343787202,-0.217681143561181,0.37599424119465
-0.0896355068963155,-0.157240678500737,0.37599424119465
-0.106186670005429,-0.096800213440293,0.37599424119465
-0.122737833114543,-0.0363597483798489,0.37599424119465
-0.139288996223656,0.0240807166805951,0.37599424119465
-0.15584015933277,0.0845211817410392,0.37599424119465
-0.172391322441883,0.144961646801483,0.37599424119465
-0.188942485550997,0.205402111861927,0.37599424119465
-0.20549364866011,0.265842576922371,0.37599424119465
-0.222044811769224,0.326283041982816,0.37599424119465
-0.238595974878337,0.38672350704326,0.37599424119465
-0.179556028985861,0.408388995307649,0.37599424119465
-0.163004865876747,0.347948530247205,0.37599424119465
-0.146453702767634,0.287508065186761,0.37599424119465
-0.12990253965852,0.227067600126317,0.37599424119465
-0.113351376549406,0.166627135065873,0.37599424119465
-0.096800213440293,0.106186670005429,0.37599424119465
-0.0802490503311795,0.045746204944985,0.37599424119465
-0.0636978872220659,-0.0146942601154591,0.37599424119465
-0.0471467241129524,-0.0751347251759032,0.37599424119465
-0.0305955610038389,-0.135575190236347,0.37599424119465
-0.0140443978947254,-0.196015655296791,0.37599424119465
0.00250676521438811,-0.256456120357235,0.37599424119465
0.0190579283235016,-0.31689658541768,0.37599424119465
0.0356090914326152,-0.377337050478124,0.37599424119465
0.0521602545417287,-0.437777515538568,0.37599424119465
0.11400123877014,-0.42634067758473,0.37599424119465
0.0974500756610267,-0.365900212524286,0.37599424119465
0.0808989125519132,-0.305459747463842,0.37599424119465
0.0643477494427997,-0.245019282403398,0.37599424119465
0.0477965863336861,-0.184578817342954,0.37599424119465
0.0312454232245726,-0.12413835228251,0.37599424119465
0.0146942601154591,-0.0636978872220659,0.37599424119465
-0.00185690299365441,-0.00325742216162189,0.37599424119465
-0.0184080661027679,0.0571830428988222,0.37599424119465
-0.0349592292118814,0.117623507959266,0.37599424119465
-0.051510392320995,0.17806397301971,0.37599424119465
-0.0680615554301085,0.238504438080154,0.37599424119465
-0.084612718539222,0.298944903140599,0.37599424119465
-0.101163881648336,0.359385368201043,0.37599424119465
-0.117715044757449,0.419825833261487,0.37599424119465
-0.0586750988649725,0.441491321525876,0.37599424119465
-0.0421239357558589,0.381050856465432,0.37599424119465
-0.0255727726467454,0.320610391404988,0.37599424119465
-0.00902160953763192,0.260169926344544,0.37599424119465
0.00752955357148163,0.1997294612841,0.37599424119465
0.0240807166805951,0.139288996223656,0.37599424119465
0.0406318797897087,0.078848531163212,0.37599424119465
0.0571830428988222,0.0184080661027679,0.37599424119465
0.0737342060079357,-0.0420323989576761,0.37599424119465
0.0902853691170492,-0.10247286401812,0.37599424119465
0.106836532226163,-0.162913329078564,0.37599424119465
0.123387695335276,-0.223353794139008,0.37599424119465
0.13993885844439,-0.283794259199452,0.37599424119465
0.156490021553503,-0.344234724259896,0.37599424119465
0.173041184662617,-0.404675189320341,0.37599424119465
0.234882168891028,-0.393238351366503,0.37599424119465
0.218331005781915,-0.332797886306059,0.37599424119465
0.201779842672801,-0.272357421245615,0.37599424119465
0.185228679563688,-0.211916956185171,0.37599424119465
0.168677516454574,-0.151476491124727,0.37599424119465
0.152126353345461,-0.091036026064283,0.37599424119465
0.135575190236347,-0.0305955610038389,0.37599424119465
0.119024027127234,0.0298449040566051,0.37599424119465
0.10247286401812,0.0902853691170492,0.37599424119465
0.0859217009090067,0.150725834177493,0.37599424119465
0.0693705377998932,0.211166299237937,0.37599424119465
0.0528193746907796,0.271606764298381,0.37599424119465
0.0362682115816661,0.332047229358826,0.37599424119465
0.0197170484725526,0.39248769441927,0.37599424119465
0.00316588536343908,0.452928159479714,0.37599424119465
0.0787569943650292,0.414153182683659,0.37599424119465
0.0953081574741427,0.353712717623215,0.37599424119465
0.111859320583256,0.293272252562771,0.37599424119465
0.12841048369237,0.232831787502327,0.37599424119465
0.144961646801483,0.172391322441883,0.37599424119465
0.161512809910597,0.111950857381439,0.37599424119465
0.17806397301971,0.051510392320995,0.37599424119465
0.194615136128824,-0.0089300727394491,0.37599424119465
0.211166299237937,-0.0693705377998932,0.37599424119465
0.227717462347051,-0.129811002860337,0.37599424119465
0.244268625456164,-0.190251467920781,0.37599424119465
0.260819788565278,-0.250691932981225,0.37599424119465
0.277370951674391,-0.311132398041669,0.37599424119465
0.339211935902803,-0.299695560087832,0.37599424119465
0.322660772793689,-0.239255095027388,0.37599424119465
0.306109609684576,-0.178814629966944,0.37599424119465
0.289558446575462,-0.1183741649065,0.37599424119465
0.273007283466349,-0.0579336998460559,0.37599424119465
0.256456120357235,0.00250676521438811,0.37599424119465
0.239904957248122,0.0629472302748322,0.37599424119465
0.223353794139008,0.123387695335276,0.37599424119465
0.206802631029895,0.18382816039572,0.37599424119465
0.190251467920781,0.244268625456164,0.37599424119465
0.173700304811668,0.304709090516608,0.37599424119465
0.157149141702554,0.365149555577053,0.37599424119465
0.140597978593441,0.425590020637497,0.37599424119465
0.216189087595031,0.386815043841442,0.37599424119465
0.232740250704144,0.326374578780998,0.37599424119465
0.249291413813258,0.265934113720554,0.37599424119465
0.265842576922371,0.20549364866011,0.37599424119465
0.282393740031485,0.145053183599666,0.37599424119465
0.298944903140599,0.084612718539222,0.37599424119465
0.315496066249712,0.0241722534787779,0.37599424119465
0.332047229358826,-0.0362682115816661,0.37599424119465
0.348598392467939,-0.0967086766421102,0.37599424119465
0.365149555577053,-0.157149141702554,0.37599424119465
0.381700718686166,-0.217589606762998,0.37599424119465
0.426990539805464,-0.145712303748717,0.37599424119465
0.410439376696351,-0.085271838688273,0.37599424119465
0.393888213587237,-0.0248313736278289,0.37599424119465
0.377337050478124,0.0356090914326152,0.37599424119465
0.36078588736901,0.0960495564930592,0.37599424119465
0.344234724259896,0.156490021553503,0.37599424119465
0.327683561150783,0.216930486613947,0.37599424119465
0.311132398041669,0.277370951674391,0.37599424119465
0.294581234932556,0.337811416734835,0.37599424119465
0.38672350704326,0.238595974878337,0.37599424119465
0.403274670152373,0.178155509817893,0.37599424119465
0.419825833261487,0.117715044757449,0.37599424119465
0.4363769963706,0.057274579697005,0.37599424119465
0.452928159479714,-0.00316588536343908,0.37599424119465
0.5013256549262,0.062665706865775,0.438659948060425
0.563991361791975,0.12533141373155,0.5013256549262
0.62665706865775,0.187997120597325,0.563991361791975
0.563991361791975,0.2506628274631,0.62665706865775
0.5013256549262,0.187997120597325,0.689322775523525
0.438659948060425,0.2506628274631,0.62665706865775
0.518432949805266,0.259216474902633,0.563991361791975
0.467540275114155,0.374032220091324,0.5013256549262
0.37599424119465,0.313328534328875,0.438659948060425
0.438659948060425,0.2506628274631,0.5013256549262
0.5013256549262,0.187997120597325,0.563991361791975
0.438659948060425,0.2506628274631,0.5013256549262
0.518432949805266,0.259216474902633,0.438659948060425
0.374142558685063,0.255286674662838,0.438659948060425
0.326122567102246,0.29554920346287,0.438659948060425
0.278102575519428,0.335811732262901,0.438659948060425
0.230082583936611,0.376074261062933,0.438659948060425
0.182062592353793,0.416336789862965,0.438659948060425
0.0498234152857415,0.445434938616237,0.438659948060425
0.0978434068685588,0.405172409816205,0.438659948060425
0.145863398451376,0.364909881016174,0.438659948060425
0.193883390034194,0.324647352216142,0.438659948060425
0.241903381617011,0.28438482341611,0.438659948060425
0.289923373199828,0.244122294616078,0.438659948060425
0.337943364782646,0.203859765816047,0.438659948060425
0.385963356365463,0.163597237016015,0.438659948060425
0.433983347948281,0.123334708215983,0.438659948060425
0.437677475833452,0.0384591050971078,0.438659948060425
0.389657484250634,0.0787216338971396,0.438659948060425
0.341637492667817,0.118984162697171,0.438659948060425
0.293617501084999,0.159246691497203,0.438659948060425
0.245597509502182,0.199509220297235,0.438659948060425
0.197577517919365,0.239771749097267,0.438659948060425
0.149557526336547,0.280034277897298,0.438659948060425
0.10153753475373,0.32029680669733,0.438659948060425
0.0535175431709125,0.360559335497362,0.438659948060425
0.00549755158809498,0.400821864297394,0.438659948060425
-0.0425224399947224,0.441084393097426,0.438659948060425
-0.126741625479957,0.429920013050666,0.438659948060425
-0.0787216338971396,0.389657484250634,0.438659948060425
-0.0307016423143221,0.349394955450602,0.438659948060425
0.0173183492684952,0.309132426650571,0.438659948060425
0.0653383408513126,0.268869897850539,0.438659948060425
0.11335833243413,0.228607369050507,0.438659948060425
0.161378324016947,0.188344840250475,0.438659948060425
0.209398315599765,0.148082311450444,0.438659948060425
0.257418307182582,0.107819782650412,0.438659948060425
0.3054382987654,0.06755725385038,0.438659948060425
0.353458290348217,0.0272947250503482,0.438659948060425
0.401478281931034,-0.0129678037496836,0.438659948060425
0.449498273513852,-0.0532303325497154,0.438659948060425
0.405172409816205,-0.0978434068685588,0.438659948060425
0.357152418233388,-0.057580878068527,0.438659948060425
0.309132426650571,-0.0173183492684952,0.438659948060425
0.261112435067753,0.0229441795315365,0.438659948060425
0.213092443484936,0.0632067083315683,0.438659948060425
0.165072451902118,0.1034692371316,0.438659948060425
0.117052460319301,0.143731765931632,0.438659948060425
0.0690324687364836,0.183994294731664,0.438659948060425
0.0210124771536662,0.224256823531695,0.438659948060425
-0.0270075144291511,0.264519352331727,0.438659948060425
-0.0750275060119686,0.304781881131759,0.438659948060425
-0.123047497594786,0.345044409931791,0.438659948060425
-0.171067489177603,0.385306938731822,0.438659948060425
-0.246059262622554,0.615148156556384,0.37599424119465
-0.259216474902633,0.518432949805266,0.438659948060425
-0.2506628274631,0.438659948060425,0.5013256549262
-0.255286674662838,0.374142558685063,0.438659948060425
-0.207266683080021,0.333880029885031,0.438659948060425
-0.159246691497203,0.293617501084999,0.438659948060425
-0.111226699914386,0.253354972284968,0.438659948060425
-0.0632067083315683,0.213092443484936,0.438659948060425
-0.0151867167487509,0.172829914684904,0.438659948060425
0.0328332748340665,0.132567385884872,0.438659948060425
0.0808532664168839,0.0923048570848405,0.438659948060425
0.128873257999701,0.0520423282848088,0.438659948060425
0.176893249582519,0.011779799484777,0.438659948060425
0.224913241165336,-0.0284827293152548,0.438659948060425
0.272933232748154,-0.0687452581152866,0.438659948060425
0.320953224330971,-0.109007786915318,0.438659948060425
0.368973215913788,-0.14927031571535,0.438659948060425
0.416993207496606,-0.189532844515382,0.438659948060425
0.5013256549262,-0.12533141373155,0.37599424119465
0.438659948060425,-0.187997120597325,0.438659948060425
0.372667343798959,-0.234145918834225,0.438659948060425
0.324647352216142,-0.193883390034194,0.438659948060425
0.276627360633324,-0.153620861234162,0.438659948060425
0.228607369050507,-0.11335833243413,0.438659948060425
0.18058737746769,-0.0730958036340982,0.438659948060425
0.132567385884872,-0.0328332748340665,0.438659948060425
0.0845473943020549,0.00742925396596528,0.438659948060425
0.0365274027192375,0.047691782765997,0.438659948060425
-0.0114925888635799,0.0879543115660288,0.438659948060425
-0.0595125804463973,0.128216840366061,0.438659948060425
-0.107532572029215,0.168479369166092,0.438659948060425
-0.155552563612032,0.208741897966124,0.438659948060425
-0.20357255519485,0.249004426766156,0.438659948060425
-0.251592546777667,0.289266955566188,0.438659948060425
-0.299612538360484,0.329529484366219,0.438659948060425
-0.335811732262901,0.278102575519428,0.438659948060425
-0.287791740680084,0.237840046719396,0.438659948060425
-0.239771749097267,0.197577517919365,0.438659948060425
-0.191751757514449,0.157314989119333,0.438659948060425
-0.143731765931632,0.117052460319301,0.438659948060425
-0.0957117743488144,0.0767899315192693,0.438659948060425
-0.047691782765997,0.0365274027192375,0.438659948060425
0.00032820881682035,-0.00373512608079426,0.438659948060425
0.0483482003996377,-0.043997654880826,0.438659948060425
0.0963681919824551,-0.0842601836808578,0.438659948060425
0.144388183565272,-0.12452271248089,0.438659948060425
0.19240817514809,-0.164785241280921,0.438659948060425
0.240428166730907,-0.205047770080953,0.438659948060425
0.288448158313725,-0.245310298880985,0.438659948060425
0.336468149896542,-0.285572827681017,0.438659948060425
0.292142286198896,-0.33018590199986,0.438659948060425
0.244122294616078,-0.289923373199828,0.438659948060425
0.196102303033261,-0.249660844399797,0.438659948060425
0.148082311450444,-0.209398315599765,0.438659948060425
0.100062319867626,-0.169135786799733,0.438659948060425
0.0520423282848088,-0.128873257999701,0.438659948060425
0.00402233670199136,-0.0886107291996695,0.438659948060425
-0.043997654880826,-0.0483482003996377,0.438659948060425
-0.0920176464636434,-0.00808567159960597,0.438659948060425
-0.140037638046461,0.0321768572004258,0.438659948060425
-0.188057629629278,0.0724393860004575,0.438659948060425
-0.236077621212096,0.112701914800489,0.438659948060425
-0.284097612794913,0.152964443600521,0.438659948060425
-0.33211760437773,0.193226972400553,0.438659948060425
-0.380137595960548,0.233489501200585,0.438659948060425
-0.416336789862965,0.182062592353793,0.438659948060425
-0.368316798280148,0.141800063553762,0.438659948060425
-0.32029680669733,0.10153753475373,0.438659948060425
-0.272276815114513,0.061275005953698,0.438659948060425
-0.224256823531695,0.0210124771536662,0.438659948060425
-0.176236831948878,-0.0192500516463655,0.438659948060425
-0.128216840366061,-0.0595125804463973,0.438659948060425
-0.0801968487832432,-0.099775109246429,0.438659948060425
-0.0321768572004258,-0.140037638046461,0.438659948060425
0.0158431343823916,-0.180300166846493,0.438659948060425
0.063863125965209,-0.220562695646524,0.438659948060425
0.111883117548026,-0.260825224446556,0.438659948060425
0.159903109130844,-0.301087753246588,0.438659948060425
0.207923100713661,-0.34135028204662,0.438659948060425
0.255943092296479,-0.381612810846651,0.438659948060425
0.163597237016015,-0.385963356365463,0.438659948060425
0.115577245433197,-0.345700827565431,0.438659948060425
0.06755725385038,-0.3054382987654,0.438659948060425
0.0195372622675626,-0.265175769965368,0.438659948060425
-0.0284827293152548,-0.224913241165336,0.438659948060425
-0.0765027208980722,-0.184650712365304,0.438659948060425
-0.12452271248089,-0.144388183565272,0.438659948060425
-0.172542704063707,-0.104125654765241,0.438659948060425
-0.220562695646524,-0.063863125965209,0.438659948060425
-0.268582687229342,-0.0236005971651772,0.438659948060425
-0.316602678812159,0.0166619316348546,0.438659948060425
-0.364622670394977,0.0569244604348864,0.438659948060425
-0.412642661977794,0.0971869892349181,0.438659948060425
-0.448841855880211,0.0457600803881268,0.438659948060425
-0.400821864297394,0.00549755158809498,0.438659948060425
-0.352801872714576,-0.0347649772119368,0.438659948060425
-0.304781881131759,-0.0750275060119686,0.438659948060425
-0.256761889548942,-0.115290034812,0.438659948060425
-0.208741897966124,-0.155552563612032,0.438659948060425
-0.160721906383307,-0.195815092412064,0.438659948060425
-0.112701914800489,-0.236077621212096,0.438659948060425
-0.064681923217672,-0.276340150012127,0.438659948060425
-0.0166619316348546,-0.316602678812159,0.438659948060425
0.0313580599479629,-0.356865207612191,0.438659948060425
0.0793780515307803,-0.397127736412223,0.438659948060425
0.127398043113598,-0.437390265212255,0.438659948060425
0.0350521878331339,-0.441740810731066,0.438659948060425
-0.0129678037496836,-0.401478281931034,0.438659948060425
-0.060987795332501,-0.361215753131003,0.438659948060425
-0.109007786915318,-0.320953224330971,0.438659948060425
-0.157027778498136,-0.280690695530939,0.438659948060425
-0.205047770080953,-0.240428166730907,0.438659948060425
-0.253067761663771,-0.200165637930876,0.438659948060425
-0.301087753246588,-0.159903109130844,0.438659948060425
-0.349107744829405,-0.119640580330812,0.438659948060425
-0.397127736412223,-0.0793780515307803,0.438659948060425
-0.44514772799504,-0.0391155227307485,0.438659948060425
-0.43332693031464,-0.130804960377572,0.438659948060425
-0.385306938731822,-0.171067489177603,0.438659948060425
-0.337286947149005,-0.211330017977635,0.438659948060425
-0.289266955566188,-0.251592546777667,0.438659948060425
-0.24124696398337,-0.291855075577699,0.438659948060425
-0.193226972400553,-0.33211760437773,0.438659948060425
-0.145206980817736,-0.372380133177762,0.438659948060425
-0.0971869892349181,-0.412642661977794,0.438659948060425
-0.0491669976521007,-0.452905190777826,0.438659948060425
-0.189532844515382,-0.416993207496606,0.438659948060425
-0.237552836098199,-0.376730678696574,0.438659948060425
-0.285572827681017,-0.336468149896542,0.438659948060425
-0.333592819263834,-0.29620562109651,0.438659948060425
-0.381612810846651,-0.255943092296479,0.438659948060425
-0.438659948060425,-0.313328534328875,0.37599424119465
-0.37599424119465,-0.37599424119465,0.313328534328875
-0.313328534328875,-0.438659948060425,0.37599424119465
-0.2506628274631,-0.37599424119465,0.313328534328875
-0.187997120597325,-0.438659948060425,0.37599424119465
-0.190896352285288,-0.572689056855864,0.438659948060425
-0.105583383373885,-0.433444446485228,0.5013256549262
-0.0431826802490734,-0.439201448006538,0.5013256549262
0.0192180228757382,-0.444958449527848,0.5013256549262
0.155056626379431,-0.394558892912703,0.5013256549262
0.0926559232546193,-0.388801891391392,0.5013256549262
0.0302552201298077,-0.383044889870082,0.5013256549262
-0.0321454829950039,-0.377287888348772,0.5013256549262
-0.0945461861198155,-0.371530886827462,0.5013256549262
-0.156946889244627,-0.365773885306152,0.5013256549262
-0.219347592369439,-0.360016883784842,0.5013256549262
-0.343672192830511,-0.285615034150364,0.5013256549262
-0.2812714897057,-0.291372035671674,0.5013256549262
-0.218870786580888,-0.297129037192985,0.5013256549262
-0.156470083456076,-0.302886038714295,0.5013256549262
-0.0940693803312648,-0.308643040235605,0.5013256549262
-0.0316686772064532,-0.314400041756915,0.5013256549262
0.0307320259183584,-0.320157043278225,0.5013256549262
0.09313272904317,-0.325914044799535,0.5013256549262
0.155533432167982,-0.331671046320845,0.5013256549262
0.217934135292793,-0.337428047842155,0.5013256549262
0.280334838417605,-0.343185049363466,0.5013256549262
0.291372035671674,-0.2812714897057,0.5013256549262
0.228971332546863,-0.27551448818439,0.5013256549262
0.166570629422051,-0.269757486663079,0.5013256549262
0.10416992629724,-0.264000485141769,0.5013256549262
0.041769223172428,-0.258243483620459,0.5013256549262
-0.0206314799523836,-0.252486482099149,0.5013256549262
-0.0830321830771952,-0.246729480577839,0.5013256549262
-0.145432886202007,-0.240972479056529,0.5013256549262
-0.207833589326818,-0.235215477535219,0.5013256549262
-0.27023429245163,-0.229458476013909,0.5013256549262
-0.332634995576442,-0.223701474492599,0.5013256549262
-0.394558892912703,-0.155056626379431,0.5013256549262
-0.332158189787891,-0.160813627900741,0.5013256549262
-0.269757486663079,-0.166570629422051,0.5013256549262
-0.207356783538268,-0.172327630943361,0.5013256549262
-0.144956080413456,-0.178084632464671,0.5013256549262
-0.0825553772886445,-0.183841633985982,0.5013256549262
-0.0201546741638329,-0.189598635507292,0.5013256549262
0.0422460289609787,-0.195355637028602,0.5013256549262
0.10464673208579,-0.201112638549912,0.5013256549262
0.167047435210602,-0.206869640071222,0.5013256549262
0.229448138335413,-0.212626641592532,0.5013256549262
0.291848841460225,-0.218383643113842,0.5013256549262
0.354249544585037,-0.224140644635152,0.5013256549262
0.365286741839106,-0.162227084977386,0.5013256549262
0.302886038714295,-0.156470083456076,0.5013256549262
0.240485335589483,-0.150713081934766,0.5013256549262
0.178084632464671,-0.144956080413456,0.5013256549262
0.11568392933986,-0.139199078892146,0.5013256549262
0.0532832262150482,-0.133442077370836,0.5013256549262
-0.00911747690976338,-0.127685075849526,0.5013256549262
-0.071518180034575,-0.121928074328216,0.5013256549262
-0.133918883159387,-0.116171072806906,0.5013256549262
-0.196319586284198,-0.110414071285595,0.5013256549262
-0.25872028940901,-0.104657069764285,0.5013256549262
-0.321120992533821,-0.0989000682429752,0.5013256549262
-0.383521695658633,-0.093143066721665,0.5013256549262
-0.445445592994894,-0.0244982186084976,0.5013256549262
-0.383044889870082,-0.0302552201298077,0.5013256549262
-0.320644186745271,-0.0360122216511179,0.5013256549262
-0.258243483620459,-0.041769223172428,0.5013256549262
-0.195842780495647,-0.0475262246937381,0.5013256549262
-0.133442077370836,-0.0532832262150482,0.5013256549262
-0.0710413742460243,-0.0590402277363583,0.5013256549262
-0.00864067112121269,-0.0647972292576685,0.5013256549262
0.0537600320035989,-0.0705542307789786,0.5013256549262
0.11616073512841,-0.0763112323002887,0.5013256549262
0.178561438253222,-0.0820682338215988,0.5013256549262
0.240962141378034,-0.0878252353429089,0.5013256549262
0.303362844502845,-0.0935822368642191,0.5013256549262
0.365763547627657,-0.0993392383855292,0.5013256549262
0.428164250752469,-0.105096239906839,0.5013256549262
0.439201448006538,-0.0431826802490734,0.5013256549262
0.376800744881727,-0.0374256787277633,0.5013256549262
0.314400041756915,-0.0316686772064532,0.5013256549262
0.251999338632103,-0.0259116756851431,0.5013256549262
0.189598635507292,-0.0201546741638329,0.5013256549262
0.12719793238248,-0.0143976726425228,0.5013256549262
0.0647972292576685,-0.00864067112121269,0.5013256549262
0.00239652613285686,-0.00288366959990257,0.5013256549262
-0.0600041769919547,0.00287333192140755,0.5013256549262
-0.122404880116766,0.00863033344271767,0.5013256549262
-0.184805583241578,0.0143873349640278,0.5013256549262
-0.24720628636639,0.0201443364853379,0.5013256549262
-0.309606989491201,0.025901338006648,0.5013256549262
-0.372007692616013,0.0316583395279582,0.5013256549262
-0.434408395740824,0.0374153410492683,0.5013256549262
-0.433931589952274,0.100303187641126,0.5013256549262
-0.371530886827462,0.0945461861198155,0.5013256549262
-0.309130183702651,0.0887891845985053,0.5013256549262
-0.246729480577839,0.0830321830771952,0.5013256549262
-0.184328777453027,0.0772751815558851,0.5013256549262
-0.121928074328216,0.071518180034575,0.5013256549262
-0.0595273712034041,0.0657611785132649,0.5013256549262
0.00287333192140755,0.0600041769919547,0.5013256549262
0.0652740350462191,0.0542471754706446,0.5013256549262
0.127674738171031,0.0484901739493345,0.5013256549262
0.190075441295842,0.0427331724280244,0.5013256549262
0.252476144420654,0.0369761709067143,0.5013256549262
0.314876847545466,0.0312191693854041,0.5013256549262
0.377277550670277,0.025462167864094,0.5013256549262
0.439678253795089,0.0197051663427839,0.5013256549262
0.388314747924347,0.0873757275218599,0.5013256549262
0.325914044799535,0.09313272904317,0.5013256549262
0.263513341674724,0.0988897305644801,0.5013256549262
0.201112638549912,0.10464673208579,0.5013256549262
0.1387119354251,0.1104037336071,0.5013256549262
0.0763112323002887,0.11616073512841,0.5013256549262
0.0139105291754771,0.121917736649721,0.5013256549262
-0.0484901739493345,0.127674738171031,0.5013256549262
-0.110890877074146,0.133431739692341,0.5013256549262
-0.173291580198958,0.139188741213651,0.5013256549262
-0.235692283323769,0.144945742734961,0.5013256549262
-0.298092986448581,0.150702744256271,0.5013256549262
-0.360493689573393,0.156459745777581,0.5013256549262
-0.360016883784842,0.219347592369439,0.5013256549262
-0.29761618066003,0.213590590848129,0.5013256549262
-0.235215477535219,0.207833589326818,0.5013256549262
-0.172814774410407,0.202076587805508,0.5013256549262
-0.110414071285595,0.196319586284198,0.5013256549262
-0.0480133681607838,0.190562584762888,0.5013256549262
0.0143873349640278,0.184805583241578,0.5013256549262
0.0767880380888394,0.179048581720268,0.5013256549262
0.139188741213651,0.173291580198958,0.5013256549262
0.201589444338463,0.167534578677648,0.5013256549262
0.263990147463274,0.161777577156337,0.5013256549262
0.326390850588086,0.156020575635027,0.5013256549262
0.388791553712897,0.150263574113717,0.5013256549262
0.337428047842155,0.217934135292793,0.5013256549262
0.275027344717344,0.223691136814103,0.5013256549262
0.212626641592532,0.229448138335413,0.5013256549262
0.150225938467721,0.235205139856724,0.5013256549262
0.0878252353429089,0.240962141378034,0.5013256549262
0.0254245322180973,0.246719142899344,0.5013256549262
-0.0369761709067143,0.252476144420654,0.5013256549262
-0.0993768740315259,0.258233145941964,0.5013256549262
-0.161777577156337,0.263990147463274,0.5013256549262
-0.224178280281149,0.269747148984584,0.5013256549262
-0.286578983405961,0.275504150505894,0.5013256549262
-0.28610217761741,0.338391997097752,0.5013256549262
-0.223701474492599,0.332634995576442,0.5013256549262
-0.161300771367787,0.326877994055132,0.5013256549262
-0.0989000682429752,0.321120992533821,0.5013256549262
-0.0364993651181636,0.315363991012511,0.5013256549262
0.025901338006648,0.309606989491201,0.5013256549262
0.0883020411314596,0.303849987969891,0.5013256549262
0.150702744256271,0.298092986448581,0.5013256549262
0.213103447381083,0.292335984927271,0.5013256549262
0.275504150505894,0.286578983405961,0.5013256549262
0.337904853630706,0.280821981884651,0.5013256549262
0.224140644635152,0.354249544585037,0.5013256549262
0.161739941510341,0.360006546106347,0.5013256549262
0.0993392383855292,0.365763547627657,0.5013256549262
0.0369385352607176,0.371520549148967,0.5013256549262
-0.025462167864094,0.377277550670277,0.5013256549262
-0.0878628709889056,0.383034552191587,0.5013256549262
-0.150263574113717,0.388791553712897,0.5013256549262
-0.0249853620755433,0.440165397262135,0.5013256549262
0.0374153410492683,0.434408395740824,0.5013256549262
0.0998160441740799,0.428651394219514,0.5013256549262
0.101733280439582,0.610399682637494,0.438659948060425
0.12533141373155,0.438659948060425,0.37599424119465
0.187997120597325,0.5013256549262,0.313328534328875
0.12533141373155,0.563991361791975,0.37599424119465
0.062665706865775,0.5013256549262,0.313328534328875
0.12533141373155,0.563991361791975,0.37599424119465
0.187997120597325,0.5013256549262,0.438659948060425
0.12533141373155,0.438659948060425,0.5013256549262
0.101733280439582,0.610399682637494,0.563991361791975
4.20465006249982e-17,0.686671465671125,0.62665706865775
-0.101733280439582,0.610399682637494,0.689322775523525
-0.12533141373155,0.438659948060425,0.62665706865775
-0.062665706865775,0.5013256549262,0.563991361791975
3.43721648920505e-17,0.561340051939575,0.5013256549262
-0.0220615392840757,0.41623467230438,0.563991361791975
-0.0766374000457195,0.385437493227184,0.563991361791975
-0.131213260807363,0.354640314149987,0.563991361791975
-0.185789121569007,0.323843135072791,0.563991361791975
-0.240364982330651,0.293045955995595,0.563991361791975
-0.294940843092295,0.262248776918398,0.563991361791975
-0.349516703853939,0.231451597841202,0.563991361791975
-0.438659948060425,0.313328534328875,0.5013256549262
-0.5013256549262,0.2506628274631,0.563991361791975
-0.438659948060425,0.313328534328875,0.62665706865775
-0.5013256549262,0.37599424119465,0.689322775523525
-0.563991361791975,0.313328534328875,0.62665706865775
-0.62665706865775,0.37599424119465,0.563991361791975
-0.689322775523525,0.438659948060425,0.5013256549262
-0.62665706865775,0.5013256549262,0.563991361791975
-0.563991361791975,0.438659948060425,0.62665706865775
-0.5013256549262,0.37599424119465,0.689322775523525
-0.563991361791975,0.313328534328875,0.7519884823893
-0.5013256549262,0.37599424119465,0.814654189255075
-0.563991361791975,0.313328534328875,0.7519884823893
-0.5013256549262,0.2506628274631,0.814654189255075
-0.438659948060425,0.187997120597325,0.7519884823893
-0.37599424119465,0.2506628274631,0.814654189255075
-0.544164391383669,0.326498634830202,0.7519884823893
-0.37599424119465,0.2506628274631,0.814654189255075
-0.438659948060425,0.187997120597325,0.87731989612085
-0.5013256549262,0.12533141373155,0.814654189255075
-0.551289545600741,0.0787556493715346,0.7519884823893
-0.572689056855864,0.190896352285288,0.689322775523525
-0.551289545600741,0.0787556493715346,0.62665706865775
-0.368677308935485,0.148684540393605,0.563991361791975
-0.314101448173841,0.179481719470801,0.563991361791975
-0.259525587412197,0.210278898547998,0.563991361791975
-0.204949726650553,0.241076077625194,0.563991361791975
-0.150373865888909,0.27187325670239,0.563991361791975
-0.0957980051272654,0.302670435779587,0.563991361791975
-0.0412221443656215,0.333467614856783,0.563991361791975
0.0133537163960223,0.364264793933979,0.563991361791975
0.0679295771576663,0.395061973011176,0.563991361791975
0.148684540393605,0.368677308935485,0.563991361791975
0.0941086796319609,0.337880129858289,0.563991361791975
0.039532818870317,0.307082950781092,0.563991361791975
-0.0150430418913268,0.276285771703896,0.563991361791975
-0.0696189026529707,0.2454885926267,0.563991361791975
-0.124194763414615,0.214691413549503,0.563991361791975
-0.178770624176258,0.183894234472307,0.563991361791975
-0.233346484937902,0.153097055395111,0.563991361791975
-0.287922345699546,0.122299876317914,0.563991361791975
-0.34249820646119,0.0915026972407179,0.563991361791975
-0.397074067222834,0.0607055181635216,0.563991361791975
-0.41623467230438,-0.0220615392840757,0.563991361791975
-0.361658811542736,0.00873563979312067,0.563991361791975
-0.307082950781092,0.039532818870317,0.563991361791975
-0.252507090019448,0.0703299979475134,0.563991361791975
-0.197931229257804,0.10112717702471,0.563991361791975
-0.143355368496161,0.131924356101906,0.563991361791975
-0.0887795077345166,0.162721535179102,0.563991361791975
-0.0342036469728728,0.193518714256299,0.563991361791975
0.0203722137887711,0.224315893333495,0.563991361791975
0.074948074550415,0.255113072410691,0.563991361791975
0.129523935312059,0.285910251487888,0.563991361791975
0.184099796073703,0.316707430565084,0.563991361791975
0.238675656835347,0.34750460964228,0.563991361791975
0.264854759309641,0.290322766489393,0.563991361791975
0.210278898547998,0.259525587412197,0.563991361791975
0.155703037786354,0.228728408335001,0.563991361791975
0.10112717702471,0.197931229257804,0.563991361791975
0.0465513162630658,0.167134050180608,0.563991361791975
-0.00802454449857809,0.136336871103412,0.563991361791975
-0.062600405260222,0.105539692026215,0.563991361791975
-0.117176266021866,0.0747425129490191,0.563991361791975
-0.17175212678351,0.0439453338718228,0.563991361791975
-0.226327987545154,0.0131481547946265,0.563991361791975
-0.280903848306798,-0.0176490242825699,0.563991361791975
-0.335479709068441,-0.0484462033597662,0.563991361791975
-0.390055569830085,-0.0792433824369625,0.563991361791975
-0.686671465671125,8.40930012499965e-17,0.5013256549262
-0.610399682637494,0.101733280439582,0.563991361791975
-0.686671465671125,8.40930012499965e-17,0.5013256549262
-0.610399682637494,-0.101733280439582,0.563991361791975
-0.354640314149987,-0.131213260807363,0.563991361791975
-0.300064453388344,-0.100416081730167,0.563991361791975
-0.2454885926267,-0.0696189026529707,0.563991361791975
-0.190912731865056,-0.0388217235757744,0.563991361791975
-0.136336871103412,-0.00802454449857809,0.563991361791975
-0.0817610103417679,0.0227726345786182,0.563991361791975
-0.027185149580124,0.0535698136558145,0.563991361791975
0.0273907111815199,0.0843669927330109,0.563991361791975
0.0819665719431638,0.115164171810207,0.563991361791975
0.136542432704808,0.145961350887404,0.563991361791975
0.191118293466452,0.1767585299646,0.563991361791975
0.245694154228096,0.207555709041796,0.563991361791975
0.300270014989739,0.238352888118993,0.563991361791975
0.326449117464034,0.181171044966106,0.563991361791975
0.27187325670239,0.150373865888909,0.563991361791975
0.217297395940746,0.119576686811713,0.563991361791975
0.162721535179102,0.0887795077345166,0.563991361791975
0.108145674417458,0.0579823286573203,0.563991361791975
0.0535698136558145,0.027185149580124,0.563991361791975
-0.00100604710582934,-0.00361202949707232,0.563991361791975
-0.0555819078674732,-0.0344092085742686,0.563991361791975
-0.110157768629117,-0.065206387651465,0.563991361791975
-0.164733629390761,-0.0960035667286613,0.563991361791975
-0.219309490152405,-0.126800745805858,0.563991361791975
-0.273885350914049,-0.157597924883054,0.563991361791975
-0.328461211675693,-0.18839510396025,0.563991361791975
-0.293045955995595,-0.240364982330651,0.563991361791975
-0.238470095233951,-0.209567803253455,0.563991361791975
-0.183894234472307,-0.178770624176258,0.563991361791975
-0.129318373710663,-0.147973445099062,0.563991361791975
-0.0747425129490191,-0.117176266021866,0.563991361791975
-0.0201666521873752,-0.0863790869446695,0.563991361791975
0.0344092085742686,-0.0555819078674732,0.563991361791975
0.0889850693359125,-0.0247847287902769,0.563991361791975
0.143560930097556,0.00601245028691941,0.563991361791975
0.1981367908592,0.0368096293641157,0.563991361791975
0.252712651620844,0.0676068084413121,0.563991361791975
0.307288512382488,0.0984039875185084,0.563991361791975
0.361864373144132,0.129201166595705,0.563991361791975
0.388043475618427,0.0720193234428179,0.563991361791975
0.333467614856783,0.0412221443656215,0.563991361791975
0.278891754095139,0.0104249652884252,0.563991361791975
0.224315893333495,-0.0203722137887711,0.563991361791975
0.169740032571851,-0.0511693928659675,0.563991361791975
0.115164171810207,-0.0819665719431638,0.563991361791975
0.0605883110485633,-0.11276375102036,0.563991361791975
0.00601245028691941,-0.143560930097556,0.563991361791975
-0.0485634104747245,-0.174358109174753,0.563991361791975
-0.103139271236368,-0.205155288251949,0.563991361791975
-0.157715131998012,-0.235952467329145,0.563991361791975
-0.212290992759656,-0.266749646406342,0.563991361791975
-0.2668668535213,-0.297546825483538,0.563991361791975
-0.231451597841202,-0.349516703853939,0.563991361791975
-0.176875737079558,-0.318719524776743,0.563991361791975
-0.122299876317914,-0.287922345699546,0.563991361791975
-0.0677240155562704,-0.25712516662235,0.563991361791975
-0.0131481547946265,-0.226327987545154,0.563991361791975
0.0414277059670174,-0.195530808467957,0.563991361791975
0.0960035667286613,-0.164733629390761,0.563991361791975
0.150579427490305,-0.133936450313565,0.563991361791975
0.205155288251949,-0.103139271236368,0.563991361791975
0.259731149013593,-0.072342092159172,0.563991361791975
0.314307009775237,-0.0415449130819757,0.563991361791975
0.368882870536881,-0.0107477340047794,0.563991361791975
0.423458731298525,0.020049445072417,0.563991361791975
0.395061973011176,-0.0679295771576663,0.563991361791975
0.340486112249532,-0.0987267562348627,0.563991361791975
0.285910251487888,-0.129523935312059,0.563991361791975
0.231334390726244,-0.160321114389255,0.563991361791975
0.1767585299646,-0.191118293466452,0.563991361791975
0.122182669202956,-0.221915472543648,0.563991361791975
0.0676068084413121,-0.252712651620844,0.563991361791975
0.0130309476796682,-0.283509830698041,0.563991361791975
-0.0415449130819757,-0.314307009775237,0.563991361791975
-0.0961207738436196,-0.345104188852433,0.563991361791975
-0.150696634605264,-0.37590136792963,0.563991361791975
-0.0607055181635216,-0.397074067222834,0.563991361791975
-0.00612965740187768,-0.366276888145638,0.563991361791975
0.0484462033597662,-0.335479709068441,0.563991361791975
0.10302206412141,-0.304682529991245,0.563991361791975
0.157597924883054,-0.273885350914049,0.563991361791975
0.212173785644698,-0.243088171836853,0.563991361791975
0.266749646406342,-0.212290992759656,0.563991361791975
0.321325507167986,-0.18149381368246,0.563991361791975
0.37590136792963,-0.150696634605264,0.563991361791975
0.34750460964228,-0.238675656835347,0.563991361791975
0.292928748880636,-0.269472835912543,0.563991361791975
0.238352888118993,-0.300270014989739,0.563991361791975
0.183777027357349,-0.331067194066936,0.563991361791975
0.129201166595705,-0.361864373144132,0.563991361791975
0.0746253058340609,-0.392661552221328,0.563991361791975
0.020049445072417,-0.423458731298525,0.563991361791975
0.062665706865775,-0.5013256549262,0.5013256549262
3.43721648920505e-17,-0.561340051939575,0.438659948060425
0.101733280439582,-0.610399682637494,0.37599424119465
0.12533141373155,-0.438659948060425,0.313328534328875
0.259216474902633,-0.518432949805266,0.37599424119465
0.2506628274631,-0.438659948060425,0.313328534328875
0.259216474902633,-0.518432949805266,0.37599424119465
0.374032220091324,-0.467540275114155,0.438659948060425
0.259216474902633,-0.518432949805266,0.5013256549262
0.374032220091324,-0.467540275114155,0.563991361791975
0.467540275114155,-0.374032220091324,0.62665706865775
0.284921966206495,-0.280306089903011,0.62665706865775
0.312251933921626,-0.223914036547267,0.62665706865775
0.339581901636758,-0.167521983191523,0.62665706865775
0.36691186935189,-0.111129929835779,0.62665706865775
0.394241837067021,-0.0547378764800346,0.62665706865775
0.394822314539981,0.0901479563496115,0.62665706865775
0.367492346824849,0.0337559029938671,0.62665706865775
0.340162379109718,-0.0226361503618771,0.62665706865775
0.312832411394586,-0.0790282037176213,0.62665706865775
0.285502443679454,-0.135420257073366,0.62665706865775
0.258172475964323,-0.19181231042911,0.62665706865775
0.230842508249191,-0.248204363784854,0.62665706865775
0.203512540534059,-0.304596417140598,0.62665706865775
0.176182572818928,-0.360988470496342,0.62665706865775
0.0901479563496115,-0.394822314539981,0.62665706865775
0.117477924064743,-0.338430261184237,0.62665706865775
0.144807891779875,-0.282038207828492,0.62665706865775
0.172137859495006,-0.225646154472748,0.62665706865775
0.199467827210138,-0.169254101117004,0.62665706865775
0.22679779492527,-0.11286204776126,0.62665706865775
0.254127762640401,-0.0564699944055155,0.62665706865775
0.281457730355533,-7.79410497713101e-05,0.62665706865775
0.308787698070665,0.0563141123059729,0.62665706865775
0.336117665785796,0.112706165661717,0.62665706865775
0.363447633500928,0.169098219017461,0.62665706865775
0.309368175543624,0.201199945135619,0.62665706865775
0.282038207828492,0.144807891779875,0.62665706865775
0.254708240113361,0.0884158384241304,0.62665706865775
0.227378272398229,0.0320237850683862,0.62665706865775
0.200048304683097,-0.024368268287358,0.62665706865775
0.172718336967966,-0.0807603216431022,0.62665706865775
0.145388369252834,-0.137152374998846,0.62665706865775
0.118058401537703,-0.193544428354591,0.62665706865775
0.090728433822571,-0.249936481710335,0.62665706865775
0.0633984661074393,-0.306328535066079,0.62665706865775
0.0360684983923076,-0.362720588421823,0.62665706865775
-0.0499661180770087,-0.396554432465462,0.62665706865775
-0.0226361503618771,-0.340162379109718,0.62665706865775
0.00469381735325455,-0.283770325753973,0.62665706865775
0.0320237850683862,-0.227378272398229,0.62665706865775
0.0593537527835179,-0.170986219042485,0.62665706865775
0.0866837204986495,-0.114594165686741,0.62665706865775
0.114013688213781,-0.0582021123309964,0.62665706865775
0.141343655928913,-0.00181005897525223,0.62665706865775
0.168673623644044,0.054581994380492,0.62665706865775
0.196003591359176,0.110974047736236,0.62665706865775
0.223333559074308,0.16736610109198,0.62665706865775
0.250663526789439,0.223758154447725,0.62665706865775
0.277993494504571,0.280150207803469,0.62665706865775
0.223914036547267,0.312251933921626,0.62665706865775
0.196584068832136,0.255859880565882,0.62665706865775
0.169254101117004,0.199467827210138,0.62665706865775
0.141924133401872,0.143075773854394,0.62665706865775
0.114594165686741,0.0866837204986495,0.62665706865775
0.087264197971609,0.0302916671429053,0.62665706865775
0.0599342302564774,-0.0261003862128389,0.62665706865775
0.0326042625413458,-0.0824924395685832,0.62665706865775
0.00527429482621414,-0.138884492924327,0.62665706865775
-0.0220556728889175,-0.195276546280072,0.62665706865775
-0.0493856406040491,-0.251668599635816,0.62665706865775
-0.0767156083191808,-0.30806065299156,0.62665706865775
-0.104045576034312,-0.364452706347304,0.62665706865775
-0.162750224788497,-0.341894497035199,0.62665706865775
-0.135420257073366,-0.285502443679454,0.62665706865775
-0.108090289358234,-0.22911039032371,0.62665706865775
-0.0807603216431022,-0.172718336967966,0.62665706865775
-0.0534303539279706,-0.116326283612222,0.62665706865775
-0.0261003862128389,-0.0599342302564774,0.62665706865775
0.00122958150229269,-0.00354217690073319,0.62665706865775
0.0285595492174243,0.052849876455011,0.62665706865775
0.0558895169325559,0.109241929810755,0.62665706865775
0.0832194846476876,0.165633983166499,0.62665706865775
0.110549452362819,0.222026036522244,0.62665706865775
0.137879420077951,0.278418089877988,0.62665706865775
0.165209387793083,0.334810143233732,0.62665706865775
0.111129929835779,0.36691186935189,0.62665706865775
0.0837999621206472,0.310519815996145,0.62665706865775
0.0564699944055155,0.254127762640401,0.62665706865775
0.0291400266903839,0.197735709284657,0.62665706865775
0.00181005897525223,0.141343655928913,0.62665706865775
-0.0255199087398794,0.0849516025731685,0.62665706865775
-0.052849876455011,0.0285595492174243,0.62665706865775
-0.0801798441701427,-0.0278325041383199,0.62665706865775
-0.107509811885274,-0.0842245574940641,0.62665706865775
-0.134839779600406,-0.140616610849808,0.62665706865775
-0.162169747315538,-0.197008664205553,0.62665706865775
-0.189499715030669,-0.253400717561297,0.62665706865775
-0.216829682745801,-0.309792770917041,0.62665706865775
-0.275534331499986,-0.287234561604935,0.62665706865775
-0.248204363784854,-0.230842508249191,0.62665706865775
-0.220874396069722,-0.174450454893447,0.62665706865775
-0.193544428354591,-0.118058401537703,0.62665706865775
-0.166214460639459,-0.0616663481819584,0.62665706865775
-0.138884492924327,-0.00527429482621414,0.62665706865775
-0.111554525209196,0.0511177585295301,0.62665706865775
-0.0842245574940641,0.107509811885274,0.62665706865775
-0.0568945897789325,0.163901865241018,0.62665706865775
-0.0295646220638009,0.220293918596763,0.62665706865775
-0.00223465434866923,0.276685971952507,0.62665706865775
0.0250953133664625,0.333078025308251,0.62665706865775
0.0524252810815941,0.389470078663995,0.62665706865775
-0.0289841445908413,0.365179751426409,0.62665706865775
-0.0563141123059729,0.308787698070665,0.62665706865775
-0.0836440800211046,0.25239564471492,0.62665706865775
-0.110974047736236,0.196003591359176,0.62665706865775
-0.138304015451368,0.139611538003432,0.62665706865775
-0.165633983166499,0.0832194846476876,0.62665706865775
-0.192963950881631,0.0268274312919434,0.62665706865775
-0.220293918596763,-0.0295646220638009,0.62665706865775
-0.247623886311894,-0.0859566754195451,0.62665706865775
-0.274953854027026,-0.142348728775289,0.62665706865775
-0.302283821742158,-0.198740782131034,0.62665706865775
-0.360988470496342,-0.176182572818928,0.62665706865775
-0.333658502781211,-0.119790519463184,0.62665706865775
-0.306328535066079,-0.0633984661074393,0.62665706865775
-0.278998567350947,-0.0070064127516951,0.62665706865775
-0.251668599635816,0.0493856406040491,0.62665706865775
-0.224338631920684,0.105777693959793,0.62665706865775
-0.197008664205553,0.162169747315538,0.62665706865775
-0.169678696490421,0.218561800671282,0.62665706865775
-0.142348728775289,0.274953854027026,0.62665706865775
-0.115018761060158,0.33134590738277,0.62665706865775
-0.087688793345026,0.387737960738514,0.62665706865775
-0.169098219017461,0.363447633500928,0.62665706865775
-0.196428186732593,0.307055580145184,0.62665706865775
-0.223758154447725,0.250663526789439,0.62665706865775
-0.251088122162856,0.194271473433695,0.62665706865775
-0.278418089877988,0.137879420077951,0.62665706865775
-0.30574805759312,0.0814873667222067,0.62665706865775
-0.333078025308251,0.0250953133664625,0.62665706865775
-0.360407993023383,-0.0312967399892818,0.62665706865775
-0.387737960738514,-0.087688793345026,0.62665706865775
-0.391782674062436,0.0476535226785682,0.62665706865775
-0.364452706347304,0.104045576034312,0.62665706865775
-0.337122738632173,0.160437629390057,0.62665706865775
-0.309792770917041,0.216829682745801,0.62665706865775
-0.282462803201909,0.273221736101545,0.62665706865775
